
INSERT INTO `content_type` VALUES ('0', '1', 'summary', '摘要', '0');
INSERT INTO `content_type` VALUES ('1', '1', 'title', '标题', '1');
INSERT INTO `content_type` VALUES ('2', '1', 'content', '内容', '1');
INSERT INTO `content_type` VALUES ('3', '2', 'comment', '评论内容', '1');
INSERT INTO `content_type` VALUES ('4', '2', 'uname', '评论人昵称', '0');
INSERT INTO `content_type` VALUES ('5', '3', 'content', '微博内容', '1');
INSERT INTO `content_type` VALUES ('6', '3', 'uname', '用户昵称', '0');
INSERT INTO `content_type` VALUES ('7', '4', 'comment', '评论内容', '1');
INSERT INTO `content_type` VALUES ('8', '4', 'uname', '评论人昵称', '0');
INSERT INTO `content_type` VALUES ('9', '5', 'content', '转发微博内容', '1');
INSERT INTO `content_type` VALUES ('10', '5', 'uname', '转发用户昵称', '0');
INSERT INTO `content_type` VALUES ('11', '6', 'uname', '用户昵称', '0');
INSERT INTO `content_type` VALUES ('12', '6', 'introduction', '简介', '1');
INSERT INTO `content_type` VALUES ('13', '6', 'tags', '标签', '0');
INSERT INTO `content_type` VALUES ('14', '7', 'title', '标题', '1');
INSERT INTO `content_type` VALUES ('15', '7', 'content', '内容', '1');
INSERT INTO `content_type` VALUES ('16', '7', 'summary', '摘要', '0');
INSERT INTO `content_type` VALUES ('17', '8', 'comment', '评论内容', '1');
INSERT INTO `content_type` VALUES ('18', '8', 'reply', '微信作者回复', '0');
INSERT INTO `content_type` VALUES ('19', '8', 'uname', '评论人名称', '0');
INSERT INTO `content_type` VALUES ('20', '9', 'title', '标题', '1');
INSERT INTO `content_type` VALUES ('21', '9', 'content', '内容', '1');
INSERT INTO `content_type` VALUES ('22', '9', 'summary', '摘要', '0');
INSERT INTO `content_type` VALUES ('23', '10', 'comment', '评论内容', '1');
INSERT INTO `content_type` VALUES ('24', '10', 'uname', '昵称', '0');
INSERT INTO `content_type` VALUES ('25', '11', 'title', '标题', '1');
INSERT INTO `content_type` VALUES ('26', '11', 'content', '内容', '1');
INSERT INTO `content_type` VALUES ('27', '11', 'summary', '问题摘要', '0');
INSERT INTO `content_type` VALUES ('28', '12', 'uname', '回答人名称', '0');
INSERT INTO `content_type` VALUES ('29', '12', 'comment', '回答内容', '1');
INSERT INTO `content_type` VALUES ('30', '12', 'ccomment', '回答的回复', '0');
INSERT INTO `content_type` VALUES ('31', '13', 'title', '商品名称', '1');
INSERT INTO `content_type` VALUES ('32', '13', 'seller', '店铺名称', '0');
INSERT INTO `content_type` VALUES ('33', '14', 'title', '商品名称', '0');
INSERT INTO `content_type` VALUES ('34', '14', 'comments', '购买者评论内容', '1');
INSERT INTO `content_type` VALUES ('35', '14', 'reply', '店家回复', '0');
INSERT INTO `content_type` VALUES ('36', '15', 'title', '商品名称', '0');
INSERT INTO `content_type` VALUES ('37', '15', 'tags', '评论标签', '1');


INSERT INTO `data_source_type` VALUES ('1', '新闻', 'cleaner_news_data');
INSERT INTO `data_source_type` VALUES ('2', '新闻评论', 'comment_news_data');
INSERT INTO `data_source_type` VALUES ('3', '微博', 'cleaner_weibo_data');
INSERT INTO `data_source_type` VALUES ('4', '微博评论', 'comment_weibo_data');
INSERT INTO `data_source_type` VALUES ('5', '微博转发', 'comment_weibo_retweet');
INSERT INTO `data_source_type` VALUES ('6', '微博用户', 'monitor_weibouser_data');
INSERT INTO `data_source_type` VALUES ('7', '微信', 'cleaner_sougo_data');
INSERT INTO `data_source_type` VALUES ('8', '微信评论', 'comment_sougo_data');
INSERT INTO `data_source_type` VALUES ('9', '论坛', 'cleaner_bbs_data');
INSERT INTO `data_source_type` VALUES ('10', '论坛跟帖', 'comment_bbs_data');
INSERT INTO `data_source_type` VALUES ('11', '问答', 'cleaner_wenda_data');
INSERT INTO `data_source_type` VALUES ('12', '问答回答', 'comment_wenda_data');
INSERT INTO `data_source_type` VALUES ('13', '电商', '');
INSERT INTO `data_source_type` VALUES ('14', '电商评论', '');
INSERT INTO `data_source_type` VALUES ('15', '电商总评', '');


INSERT INTO `data_source_type_relation` VALUES ('1', '1', 'url', 'url');
INSERT INTO `data_source_type_relation` VALUES ('2', '1', 'source', '来源');
INSERT INTO `data_source_type_relation` VALUES ('3', '1', 'groupName', '频道');
INSERT INTO `data_source_type_relation` VALUES ('4', '1', 'newsColumn', '栏目');
INSERT INTO `data_source_type_relation` VALUES ('5', '1', 'title', '标题');
INSERT INTO `data_source_type_relation` VALUES ('6', '1', 'uname', '作者');
INSERT INTO `data_source_type_relation` VALUES ('7', '1', 'datetime', '发布日期');
INSERT INTO `data_source_type_relation` VALUES ('8', '1', 'summary', '摘要');
INSERT INTO `data_source_type_relation` VALUES ('9', '1', 'content', '内容');
INSERT INTO `data_source_type_relation` VALUES ('10', '1', 'imgshow', '图片地址');
INSERT INTO `data_source_type_relation` VALUES ('11', '1', 'viewNum', '阅读数');
INSERT INTO `data_source_type_relation` VALUES ('12', '1', 'commentNum', '评论数');
INSERT INTO `data_source_type_relation` VALUES ('13', '1', 'joinNum', '参与数');
INSERT INTO `data_source_type_relation` VALUES ('14', '1', 'likeNum', '赞数');
INSERT INTO `data_source_type_relation` VALUES ('15', '1', 'crawlword', '抓取关键词');
INSERT INTO `data_source_type_relation` VALUES ('16', '1', 'collectNum', '收藏数');
INSERT INTO `data_source_type_relation` VALUES ('17', '1', 'tags', '标签');
INSERT INTO `data_source_type_relation` VALUES ('18', '1', 'uid', '用户id');
INSERT INTO `data_source_type_relation` VALUES ('19', '1', 'sames', '相同数');
INSERT INTO `data_source_type_relation` VALUES ('20', '1', 'forwardtimes', '转发数');
INSERT INTO `data_source_type_relation` VALUES ('21', '2', 'url', '新闻url');
INSERT INTO `data_source_type_relation` VALUES ('22', '2', 'commentid', '评论id');
INSERT INTO `data_source_type_relation` VALUES ('23', '2', 'comment', '评论内容');
INSERT INTO `data_source_type_relation` VALUES ('24', '2', 'uname', '评论人昵称');
INSERT INTO `data_source_type_relation` VALUES ('25', '2', 'datetime', '评论时间');
INSERT INTO `data_source_type_relation` VALUES ('26', '2', 'likeNum', '评论赞数');
INSERT INTO `data_source_type_relation` VALUES ('27', '2', 'commenturl', '评论链接');
INSERT INTO `data_source_type_relation` VALUES ('28', '2', 'replyNum', '评论回复数');
INSERT INTO `data_source_type_relation` VALUES ('29', '2', 'imgshow', '头像地址');
INSERT INTO `data_source_type_relation` VALUES ('30', '2', 'levelNum', '楼层');
INSERT INTO `data_source_type_relation` VALUES ('31', '2', 'from', '评论人来自');
INSERT INTO `data_source_type_relation` VALUES ('32', '2', 'uid', '评论人id');
INSERT INTO `data_source_type_relation` VALUES ('33', '2', 'area', '地区');
INSERT INTO `data_source_type_relation` VALUES ('34', '3', 'weiboApiId', '微博id');
INSERT INTO `data_source_type_relation` VALUES ('35', '3', 'id', '微博短id');
INSERT INTO `data_source_type_relation` VALUES ('36', '3', 'pic', '头像图片地址');
INSERT INTO `data_source_type_relation` VALUES ('37', '3', 'userurl', '微博用户地址');
INSERT INTO `data_source_type_relation` VALUES ('38', '3', 'userverify', '认证类型');
INSERT INTO `data_source_type_relation` VALUES ('39', '3', 'uid', '用户id');
INSERT INTO `data_source_type_relation` VALUES ('40', '3', 'isforward', '是否转发');
INSERT INTO `data_source_type_relation` VALUES ('41', '3', 'uname', '用户昵称');
INSERT INTO `data_source_type_relation` VALUES ('42', '3', 'publishtime', '微博时间');
INSERT INTO `data_source_type_relation` VALUES ('43', '3', 'content', '微博内容');
INSERT INTO `data_source_type_relation` VALUES ('44', '3', 'url', '微博url');
INSERT INTO `data_source_type_relation` VALUES ('45', '3', 'srcuid', '源微博用户id');
INSERT INTO `data_source_type_relation` VALUES ('46', '3', 'srcuname', '源微博用户');
INSERT INTO `data_source_type_relation` VALUES ('47', '3', 'srcweiboApiId', '源微博id');
INSERT INTO `data_source_type_relation` VALUES ('48', '3', 'srcid', '源微博短id');
INSERT INTO `data_source_type_relation` VALUES ('49', '3', 'srccontent', '源微博内容');
INSERT INTO `data_source_type_relation` VALUES ('50', '3', 'srcurl', '源微博地址');
INSERT INTO `data_source_type_relation` VALUES ('51', '3', 'srcpublishtime', '源微博时间');
INSERT INTO `data_source_type_relation` VALUES ('52', '3', 'srcforwardtimes', '源微博转发数');
INSERT INTO `data_source_type_relation` VALUES ('53', '3', 'srcreplytimes', '源微博评论数');
INSERT INTO `data_source_type_relation` VALUES ('54', '3', 'srcpraises', '源微博点赞数');
INSERT INTO `data_source_type_relation` VALUES ('55', '3', 'imgshow', '图片地址');
INSERT INTO `data_source_type_relation` VALUES ('56', '3', 'video', '视频地址');
INSERT INTO `data_source_type_relation` VALUES ('57', '4', 'weiboUrl', '微博url');
INSERT INTO `data_source_type_relation` VALUES ('58', '4', 'weiboid', '微博id');
INSERT INTO `data_source_type_relation` VALUES ('59', '4', 'uname', '评论人昵称');
INSERT INTO `data_source_type_relation` VALUES ('60', '4', 'uid', '评论人id');
INSERT INTO `data_source_type_relation` VALUES ('61', '4', 'replytimes', '评论回复数');
INSERT INTO `data_source_type_relation` VALUES ('62', '4', 'commentid', '评论id');
INSERT INTO `data_source_type_relation` VALUES ('63', '4', 'likeNum', '评论的赞数');
INSERT INTO `data_source_type_relation` VALUES ('64', '4', 'pic', '评论人头像');
INSERT INTO `data_source_type_relation` VALUES ('65', '4', 'comment', '评论内容');
INSERT INTO `data_source_type_relation` VALUES ('66', '5', 'url', '微博url');
INSERT INTO `data_source_type_relation` VALUES ('67', '5', 'weiboApiId', '微博Id');
INSERT INTO `data_source_type_relation` VALUES ('68', '5', 'forwardweiboApiId', '转发微博Id');
INSERT INTO `data_source_type_relation` VALUES ('69', '5', 'uname', '转发用户昵称');
INSERT INTO `data_source_type_relation` VALUES ('70', '5', 'uid', '转发用户id');
INSERT INTO `data_source_type_relation` VALUES ('71', '5', 'pic', '转发用户头像');
INSERT INTO `data_source_type_relation` VALUES ('72', '5', 'content', '转发微博内容');
INSERT INTO `data_source_type_relation` VALUES ('73', '5', 'datetime', '转发时间');
INSERT INTO `data_source_type_relation` VALUES ('74', '5', 'forwardtimes', '转发数');
INSERT INTO `data_source_type_relation` VALUES ('75', '5', 'ltimes', '赞数');
INSERT INTO `data_source_type_relation` VALUES ('76', '5', 'forwardUrl', '转发后的url');
INSERT INTO `data_source_type_relation` VALUES ('77', '5', 'forwardingUser', '转发用户认证');
INSERT INTO `data_source_type_relation` VALUES ('78', '6', 'weibouserurl', '用户主页链接');
INSERT INTO `data_source_type_relation` VALUES ('79', '6', 'weibourl', '用户微博链接');
INSERT INTO `data_source_type_relation` VALUES ('80', '6', 'uid', '用户id');
INSERT INTO `data_source_type_relation` VALUES ('81', '6', 'uname', '用户昵称');
INSERT INTO `data_source_type_relation` VALUES ('82', '6', 'userimgshow', '用户头像');
INSERT INTO `data_source_type_relation` VALUES ('83', '6', 'province', '用户所在省');
INSERT INTO `data_source_type_relation` VALUES ('84', '6', 'city', '所在城市');
INSERT INTO `data_source_type_relation` VALUES ('85', '6', 'introduction', '简介');
INSERT INTO `data_source_type_relation` VALUES ('86', '6', 'gender', '性别');
INSERT INTO `data_source_type_relation` VALUES ('87', '6', 'focus', '关注数');
INSERT INTO `data_source_type_relation` VALUES ('88', '6', 'follwers', '粉丝数');
INSERT INTO `data_source_type_relation` VALUES ('89', '7', 'url', '微信url');
INSERT INTO `data_source_type_relation` VALUES ('90', '7', 'temurl', '临时链接');
INSERT INTO `data_source_type_relation` VALUES ('91', '7', 'title', '标题');
INSERT INTO `data_source_type_relation` VALUES ('92', '7', 'source', '来源');
INSERT INTO `data_source_type_relation` VALUES ('93', '7', 'author', '作者');
INSERT INTO `data_source_type_relation` VALUES ('94', '7', 'datetime', '发布时间');
INSERT INTO `data_source_type_relation` VALUES ('95', '7', 'summary', '摘要');
INSERT INTO `data_source_type_relation` VALUES ('96', '7', 'content', '内容');
INSERT INTO `data_source_type_relation` VALUES ('97', '7', 'imgshow', '图片');
INSERT INTO `data_source_type_relation` VALUES ('98', '7', 'viewtimes', '阅读数');
INSERT INTO `data_source_type_relation` VALUES ('99', '7', 'likeNum', '点赞数');
INSERT INTO `data_source_type_relation` VALUES ('100', '7', 'groupName', '行业');
INSERT INTO `data_source_type_relation` VALUES ('101', '7', 'newsColumn', '频道');
INSERT INTO `data_source_type_relation` VALUES ('102', '7', 'crawlword', '关键词');
INSERT INTO `data_source_type_relation` VALUES ('103', '7', 'dataIsv', 'dataIsv');
INSERT INTO `data_source_type_relation` VALUES ('104', '8', 'url', '微信url');
INSERT INTO `data_source_type_relation` VALUES ('105', '8', 'commenturl', '评论链接');
INSERT INTO `data_source_type_relation` VALUES ('106', '8', 'uname', '评论人名称');
INSERT INTO `data_source_type_relation` VALUES ('107', '8', 'pic', '评论人头像');
INSERT INTO `data_source_type_relation` VALUES ('108', '8', 'comment', '评论内容');
INSERT INTO `data_source_type_relation` VALUES ('109', '8', 'imgshow', '评论内容图片地址');
INSERT INTO `data_source_type_relation` VALUES ('110', '8', 'likeNum', '评论点赞数');
INSERT INTO `data_source_type_relation` VALUES ('111', '8', 'datetime', '评论时间');
INSERT INTO `data_source_type_relation` VALUES ('112', '8', 'reply', '微信作者回复');
INSERT INTO `data_source_type_relation` VALUES ('113', '8', 'uid', '微信评论人ID');
INSERT INTO `data_source_type_relation` VALUES ('114', '8', 'updatetime', '任务采集时间');
INSERT INTO `data_source_type_relation` VALUES ('118', '9', 'url', '论坛url');
INSERT INTO `data_source_type_relation` VALUES ('119', '9', 'u-url', '论坛用户链接');
INSERT INTO `data_source_type_relation` VALUES ('120', '9', 'title', '标题');
INSERT INTO `data_source_type_relation` VALUES ('121', '9', 'area', '来自地区');
INSERT INTO `data_source_type_relation` VALUES ('122', '9', 'uname', '作者');
INSERT INTO `data_source_type_relation` VALUES ('123', '9', 'datetime', '发布时间');
INSERT INTO `data_source_type_relation` VALUES ('124', '9', 'summary', '摘要');
INSERT INTO `data_source_type_relation` VALUES ('125', '9', 'content', '内容');
INSERT INTO `data_source_type_relation` VALUES ('126', '9', 'pic', '图片');
INSERT INTO `data_source_type_relation` VALUES ('127', '9', 'carownercamp', '认证类型');
INSERT INTO `data_source_type_relation` VALUES ('128', '9', 'ltimes', '点赞数');
INSERT INTO `data_source_type_relation` VALUES ('129', '9', 'vtimes', '阅读数');
INSERT INTO `data_source_type_relation` VALUES ('130', '9', 'rtimes', '回复数');
INSERT INTO `data_source_type_relation` VALUES ('131', '9', 'trade', '行业');
INSERT INTO `data_source_type_relation` VALUES ('132', '9', 'source', '来自论坛名');
INSERT INTO `data_source_type_relation` VALUES ('133', '9', 'crawlword', '关键词');
INSERT INTO `data_source_type_relation` VALUES ('134', '9', 'channel', '频道');
INSERT INTO `data_source_type_relation` VALUES ('135', '9', 'u-from', '用户来自');
INSERT INTO `data_source_type_relation` VALUES ('136', '9', 'u-follw', '关注车型');
INSERT INTO `data_source_type_relation` VALUES ('137', '9', 'owner', '认证车型');
INSERT INTO `data_source_type_relation` VALUES ('138', '10', 'url', '论坛url');
INSERT INTO `data_source_type_relation` VALUES ('139', '10', 'commentid', '评论id');
INSERT INTO `data_source_type_relation` VALUES ('140', '10', 'comment', '评论内容');
INSERT INTO `data_source_type_relation` VALUES ('141', '10', 'levelNum', '楼层');
INSERT INTO `data_source_type_relation` VALUES ('142', '10', 'uname', '昵称');
INSERT INTO `data_source_type_relation` VALUES ('143', '10', 'datetime', '评论时间');
INSERT INTO `data_source_type_relation` VALUES ('144', '10', 'likeNum', '评论赞数');
INSERT INTO `data_source_type_relation` VALUES ('145', '10', 'unlikeNum', '评论反对数');
INSERT INTO `data_source_type_relation` VALUES ('146', '10', 'u-level', '评论人头衔');
INSERT INTO `data_source_type_relation` VALUES ('147', '10', 'u-email', '评论人email');
INSERT INTO `data_source_type_relation` VALUES ('148', '10', 'u-mobile', '评论人mobile');
INSERT INTO `data_source_type_relation` VALUES ('149', '10', 'commenturl', '评论地址');
INSERT INTO `data_source_type_relation` VALUES ('150', '10', 'area', '评论人来自');
INSERT INTO `data_source_type_relation` VALUES ('151', '10', 'from', '评论来自论坛');
INSERT INTO `data_source_type_relation` VALUES ('152', '11', 'url', '问题url');
INSERT INTO `data_source_type_relation` VALUES ('153', '11', 'title', '标题');
INSERT INTO `data_source_type_relation` VALUES ('154', '11', 'content', '内容');
INSERT INTO `data_source_type_relation` VALUES ('155', '11', 'rtimes', '问题评论数');
INSERT INTO `data_source_type_relation` VALUES ('156', '11', 'tags', '问题标签');
INSERT INTO `data_source_type_relation` VALUES ('157', '11', 'follows', '问题关注数');
INSERT INTO `data_source_type_relation` VALUES ('158', '11', 'vtimes', '问题浏览数');
INSERT INTO `data_source_type_relation` VALUES ('159', '11', 'uname', '提问人');
INSERT INTO `data_source_type_relation` VALUES ('160', '11', 'datetime', '第一人提问时间');
INSERT INTO `data_source_type_relation` VALUES ('161', '11', 'latesttime', '提问时间(最后时间)');
INSERT INTO `data_source_type_relation` VALUES ('162', '11', 'ansuwers', '回答数');
INSERT INTO `data_source_type_relation` VALUES ('163', '11', 'uid', '提问人id');
INSERT INTO `data_source_type_relation` VALUES ('164', '11', 'ltimes', '问题赞数');
INSERT INTO `data_source_type_relation` VALUES ('165', '11', 'crawlword', '关键词');
INSERT INTO `data_source_type_relation` VALUES ('166', '11', 'summary', '问题摘要');
INSERT INTO `data_source_type_relation` VALUES ('167', '12', 'url', '问答url');
INSERT INTO `data_source_type_relation` VALUES ('168', '12', 'uname', '回答人名称');
INSERT INTO `data_source_type_relation` VALUES ('169', '12', 'introdustion', '回答人介绍');
INSERT INTO `data_source_type_relation` VALUES ('170', '12', 'uurl', '回答人主页');
INSERT INTO `data_source_type_relation` VALUES ('171', '12', 'comment', '回答内容');
INSERT INTO `data_source_type_relation` VALUES ('172', '12', 'img', '回答内容图片');
INSERT INTO `data_source_type_relation` VALUES ('173', '12', 'datetime', '回答发布时间');
INSERT INTO `data_source_type_relation` VALUES ('174', '12', 'ltimes', '回答点赞数');
INSERT INTO `data_source_type_relation` VALUES ('175', '12', 'badTips', '回答反对数');
INSERT INTO `data_source_type_relation` VALUES ('176', '12', 'ccomment', '回答的回复');
INSERT INTO `data_source_type_relation` VALUES ('177', '12', 'ulevel', '问答人等级');
INSERT INTO `data_source_type_relation` VALUES ('178', '12', 'rtimes', '回答的评论数');
INSERT INTO `data_source_type_relation` VALUES ('179', '12', 'commentid', '评论唯一标示');
INSERT INTO `data_source_type_relation` VALUES ('180', '12', 'levelNum', '回答楼层');
INSERT INTO `data_source_type_relation` VALUES ('184', '3', 'forwardtimes', '转发数');
INSERT INTO `data_source_type_relation` VALUES ('185', '3', 'replytimes', '评论数');
INSERT INTO `data_source_type_relation` VALUES ('186', '3', 'praises', '赞数');
INSERT INTO `data_source_type_relation` VALUES ('187', '3', 'location', '地理位置');
INSERT INTO `data_source_type_relation` VALUES ('188', '3', 'srclocation', '源微博地理位置');
INSERT INTO `data_source_type_relation` VALUES ('189', '3', 'srcsource', '源微博来源');
INSERT INTO `data_source_type_relation` VALUES ('190', '3', 'source', '微博来源');
INSERT INTO `data_source_type_relation` VALUES ('191', '3', 'crawladdress', '抓取地址');
INSERT INTO `data_source_type_relation` VALUES ('192', '3', 'crawlword', '关键词');
INSERT INTO `data_source_type_relation` VALUES ('193', '4', 'datetime', '评论时间');
INSERT INTO `data_source_type_relation` VALUES ('194', '4', 'reply', '评论的回复');
INSERT INTO `data_source_type_relation` VALUES ('195', '4', 'userverify', '评论人用户认证');
INSERT INTO `data_source_type_relation` VALUES ('196', '4', 'userurl', '评论人主页');
INSERT INTO `data_source_type_relation` VALUES ('197', '5', 'userLevel', '用户等级');
INSERT INTO `data_source_type_relation` VALUES ('198', '5', 'userArea', '用户地区');
INSERT INTO `data_source_type_relation` VALUES ('199', '6', 'weiboNum', '微博数');
INSERT INTO `data_source_type_relation` VALUES ('200', '6', 'userverify', '认证类型');
INSERT INTO `data_source_type_relation` VALUES ('201', '6', 'title', '头衔');
INSERT INTO `data_source_type_relation` VALUES ('202', '6', 'education', '教育');
INSERT INTO `data_source_type_relation` VALUES ('203', '6', 'job', '工作');
INSERT INTO `data_source_type_relation` VALUES ('204', '6', 'birthday', '生日');
INSERT INTO `data_source_type_relation` VALUES ('205', '6', 'tags', '标签');
INSERT INTO `data_source_type_relation` VALUES ('206', '6', 'registration', '注册日期');
INSERT INTO `data_source_type_relation` VALUES ('207', '6', 'userArea', '用户地区');
INSERT INTO `data_source_type_relation` VALUES ('208', '7', 'authorId', '微信号');
INSERT INTO `data_source_type_relation` VALUES ('209', '10', 'follow', '关注车型');
INSERT INTO `data_source_type_relation` VALUES ('210', '10', 'owner', '认证车型');
INSERT INTO `data_source_type_relation` VALUES ('211', '10', 'uid', '用户id');
INSERT INTO `data_source_type_relation` VALUES ('212', '13', 'sku', '商品编号');
INSERT INTO `data_source_type_relation` VALUES ('213', '13', 'title', '商品名称');
INSERT INTO `data_source_type_relation` VALUES ('214', '13', 'stars', '星级');
INSERT INTO `data_source_type_relation` VALUES ('215', '13', 'url', '商品链接');
INSERT INTO `data_source_type_relation` VALUES ('216', '13', 'commentNum', '商品总评数');
INSERT INTO `data_source_type_relation` VALUES ('217', '13', 'price', '商品原售价');
INSERT INTO `data_source_type_relation` VALUES ('218', '13', 'imgshow', '商品图片');
INSERT INTO `data_source_type_relation` VALUES ('219', '13', 'sprice', '商品促销价');
INSERT INTO `data_source_type_relation` VALUES ('220', '13', 'msalesNum', '月销量');
INSERT INTO `data_source_type_relation` VALUES ('221', '13', 'type', '规格');
INSERT INTO `data_source_type_relation` VALUES ('222', '13', 'weight', '重量');
INSERT INTO `data_source_type_relation` VALUES ('223', '13', 'activities', '促销活动');
INSERT INTO `data_source_type_relation` VALUES ('224', '13', 'scores', '积分');
INSERT INTO `data_source_type_relation` VALUES ('225', '13', 'seller', '店铺名称');
INSERT INTO `data_source_type_relation` VALUES ('226', '13', 'sellerid', '店铺id');
INSERT INTO `data_source_type_relation` VALUES ('227', '13', 'sellerUrl', '店铺地址');
INSERT INTO `data_source_type_relation` VALUES ('228', '13', 'isSelfEmployed', '是否自营');
INSERT INTO `data_source_type_relation` VALUES ('229', '13', 'brand', '品牌');
INSERT INTO `data_source_type_relation` VALUES ('230', '14', 'sku', '商品编号');
INSERT INTO `data_source_type_relation` VALUES ('231', '14', 'title', '商品名称');
INSERT INTO `data_source_type_relation` VALUES ('232', '14', 'url', '商品链接');
INSERT INTO `data_source_type_relation` VALUES ('233', '14', 'comments', '购买者评论内容');
INSERT INTO `data_source_type_relation` VALUES ('234', '14', 'stars', '评论者星级');
INSERT INTO `data_source_type_relation` VALUES ('235', '14', 'imgshow', '评论者晒图');
INSERT INTO `data_source_type_relation` VALUES ('236', '14', 'datetime', '评论日期');
INSERT INTO `data_source_type_relation` VALUES ('237', '14', 'reply', '店家回复');
INSERT INTO `data_source_type_relation` VALUES ('238', '14', 'replytime', '店家回复日期');
INSERT INTO `data_source_type_relation` VALUES ('239', '14', 'nextcomment', '追加评论');
INSERT INTO `data_source_type_relation` VALUES ('240', '14', 'nextcommenttime', '追加评论日期');
INSERT INTO `data_source_type_relation` VALUES ('241', '14', 'uname', '评论人昵称');
INSERT INTO `data_source_type_relation` VALUES ('242', '14', 'isanonymous', '是否匿名');
INSERT INTO `data_source_type_relation` VALUES ('243', '14', 'pic', '评论人头像');
INSERT INTO `data_source_type_relation` VALUES ('244', '14', 'ulevel', '评论人等级');
INSERT INTO `data_source_type_relation` VALUES ('245', '14', 'type', '评论人购买的商品规格');
INSERT INTO `data_source_type_relation` VALUES ('246', '14', 'likeNum', '评论内容的赞数');
INSERT INTO `data_source_type_relation` VALUES ('247', '14', 'commentNum', '评论内容的评论数');
INSERT INTO `data_source_type_relation` VALUES ('248', '14', 'viewtimes', '评论内容的阅读数');
INSERT INTO `data_source_type_relation` VALUES ('249', '14', 'area', '评论人来自区域');
INSERT INTO `data_source_type_relation` VALUES ('250', '14', 'creditScore', '买家信用积分');
INSERT INTO `data_source_type_relation` VALUES ('251', '14', 'bdatetime', '购买时间');
INSERT INTO `data_source_type_relation` VALUES ('252', '15', 'sku', '商品编号');
INSERT INTO `data_source_type_relation` VALUES ('253', '15', 'title', '商品名称');
INSERT INTO `data_source_type_relation` VALUES ('254', '15', 'url', '商品链接');
INSERT INTO `data_source_type_relation` VALUES ('255', '15', 'stars', '星级');
INSERT INTO `data_source_type_relation` VALUES ('256', '15', 'prate', '好评度');
INSERT INTO `data_source_type_relation` VALUES ('257', '15', 'tags', '评论标签');
INSERT INTO `data_source_type_relation` VALUES ('258', '15', 'commentNum', '总评数量');
INSERT INTO `data_source_type_relation` VALUES ('259', '15', 'nextCum', '追评数量');
INSERT INTO `data_source_type_relation` VALUES ('260', '15', 'picNum', '晒图数量');
INSERT INTO `data_source_type_relation` VALUES ('261', '15', 'positiveNum', '好评数量');
INSERT INTO `data_source_type_relation` VALUES ('262', '15', 'moderateNum', '中评数量');
INSERT INTO `data_source_type_relation` VALUES ('263', '15', 'negativeNum', '差评数量');
INSERT INTO `data_source_type_relation` VALUES ('264', '11', 'datetime', '提问时间(第一人)');


INSERT INTO `job_type_info` VALUES ('dataImport', '数据导入', '', '/toWorkFlow.html?toModular=dataImport', '/workFlow/executeWorkFlow.json', '/workFlow/getExecuteStatus.json', '/workFlow/getWorkFlowResultParams.json', '1', '1', '0', '', '2017-04-28 10:10:58', '', '2017-04-28 10:10:58');
INSERT INTO `job_type_info` VALUES ('dataOutput', '数据输出', '', '/toWorkFlow.html?toModular=dataOutput', '/workFlow/executeWorkFlow.json', '/workFlow/getExecuteStatus.json', '/workFlow/getWorkFlowResultParams.json', '1', '1', '0', '', '2017-04-28 10:45:13', '', '2017-04-28 10:45:13');
INSERT INTO `job_type_info` VALUES ('fileOutput', '文件导出', '', '/toWorkFlow.html?toModular=fileOutput', '/workFlow/executeWorkFlow.json', '/workFlow/getExecuteStatus.json', '/workFlow/getWorkFlowResultParams.json', '1', '1', '0', '', '2017-04-28 10:10:58', '', '2017-04-28 10:10:58');
INSERT INTO `job_type_info` VALUES ('semanticAnalysisObject', '语义分析', '', '/toWorkFlow.html?toModular=semanticAnalysisObject', '/workFlow/executeWorkFlow.json', '/workFlow/getExecuteStatus.json', '/workFlow/getWorkFlowResultParams.json', '1', '1', '0', '', '2017-04-28 10:10:58', '', '2017-04-28 10:10:58');
INSERT INTO `job_type_info` VALUES ('themeAnalysisSetting', '主题分析设置', '', '/toWorkFlow.html?toModular=themeAnalysisSetting', '/workFlow/executeWorkFlow.json', '/workFlow/getExecuteStatus.json', '/workFlow/getWorkFlowResultParams.json', '1', '1', '0', '', '2017-04-28 10:44:53', '', '2017-04-28 10:44:53');
INSERT INTO `job_type_info` VALUES ('topicAnalysisDefinition', '话题分析设置', '', '/toWorkFlow.html?toModular=topicAnalysisDefinition', '/workFlow/executeWorkFlow.json', '/workFlow/getExecuteStatus.json', '/workFlow/getWorkFlowResultParams.json', '1', '1', '0', '', '2017-04-28 10:45:03', '', '2017-04-28 10:45:03');
INSERT INTO `job_type_info` VALUES ('wordSegmentation', '分词', '', '/toWorkFlow.html?toModular=wordSegmentation', '/workFlow/executeWorkFlow.json', '/workFlow/getExecuteStatus.json', '/workFlow/getWorkFlowResultParams.json', '1', '1', '0', '', '2017-04-28 10:44:40', '', '2017-04-28 10:44:40');


INSERT INTO `job_type_result` VALUES ('2', 'dataImport', '1', '新闻', '/getDataInSearcher.json?dataType=新闻');
INSERT INTO `job_type_result` VALUES ('3', 'dataImport', '2', '新闻评论', '/getDataInSearcher.json?dataType=新闻评论');
INSERT INTO `job_type_result` VALUES ('4', 'dataImport', '3', '微博', '/getDataInSearcher.json?dataType=微博');
INSERT INTO `job_type_result` VALUES ('5', 'dataImport', '4', '微博评论', '/getDataInSearcher.json?dataType=微博评论');
INSERT INTO `job_type_result` VALUES ('6', 'dataImport', '5', '微博转发', '/getDataInSearcher.json?dataType=微博转发');
INSERT INTO `job_type_result` VALUES ('7', 'dataImport', '6', '微博用户', '/getDataInSearcher.json?dataType=微博用户');
INSERT INTO `job_type_result` VALUES ('8', 'dataImport', '7', '微信', '/getDataInSearcher.json?dataType=微信');
INSERT INTO `job_type_result` VALUES ('9', 'dataImport', '8', '微信评论', '/getDataInSearcher.json?dataType=微信评论');
INSERT INTO `job_type_result` VALUES ('10', 'dataImport', '9', '论坛', '/getDataInSearcher.json?dataType=论坛');
INSERT INTO `job_type_result` VALUES ('11', 'dataImport', '10', '论坛跟帖', '/getDataInSearcher.json?dataType=论坛跟帖');
INSERT INTO `job_type_result` VALUES ('12', 'dataImport', '11', '问答', '/getDataInSearcher.json?dataType=问答');
INSERT INTO `job_type_result` VALUES ('13', 'dataImport', '12', '问答回答', '/getDataInSearcher.json?dataType=问答回答');
INSERT INTO `job_type_result` VALUES ('14', 'dataImport', '13', '电商', '/getDataInSearcher.json?dataType=电商');
INSERT INTO `job_type_result` VALUES ('15', 'dataImport', '14', '电商评论', '/getDataInSearcher.json?dataType=电商评论');
INSERT INTO `job_type_result` VALUES ('16', 'dataImport', '15', '电商总评', '/getDataInSearcher.json?dataType=电商总评');
INSERT INTO `job_type_result` VALUES ('17', 'semanticAnalysisObject', '-1', '句级', '/getSemanticAnalysisDataList.json?resultType=sentence');
INSERT INTO `job_type_result` VALUES ('18', 'semanticAnalysisObject', '-2', '段级', '/getSemanticAnalysisDataList.json?resultType=section');
INSERT INTO `job_type_result` VALUES ('19', 'semanticAnalysisObject', '-3', '文级', '/getSemanticAnalysisDataList.json?resultType=article');


INSERT INTO `job_type_result_field` VALUES ('257', '2', 'url', 'url', 'url', '2');
INSERT INTO `job_type_result_field` VALUES ('258', '2', 'source', '来源', 'source', '2');
INSERT INTO `job_type_result_field` VALUES ('259', '2', 'groupName', '频道', 'groupName', '2');
INSERT INTO `job_type_result_field` VALUES ('260', '2', 'newsColumn', '栏目', 'newsColumn', '2');
INSERT INTO `job_type_result_field` VALUES ('261', '2', 'title', '标题', 'title', '2');
INSERT INTO `job_type_result_field` VALUES ('262', '2', 'uname', '作者', 'uname', '2');
INSERT INTO `job_type_result_field` VALUES ('263', '2', 'datetime', '发布日期', 'datetime', '2');
INSERT INTO `job_type_result_field` VALUES ('264', '2', 'summary', '摘要', 'summary', '2');
INSERT INTO `job_type_result_field` VALUES ('265', '2', 'content', '内容', 'content', '2');
INSERT INTO `job_type_result_field` VALUES ('266', '2', 'imgshow', '图片地址', 'imgshow', '2');
INSERT INTO `job_type_result_field` VALUES ('267', '2', 'viewNum', '阅读数', 'viewNum', '2');
INSERT INTO `job_type_result_field` VALUES ('268', '2', 'commentNum', '评论数', 'commentNum', '2');
INSERT INTO `job_type_result_field` VALUES ('269', '2', 'joinNum', '参与数', 'joinNum', '2');
INSERT INTO `job_type_result_field` VALUES ('270', '2', 'likeNum', '赞数', 'likeNum', '2');
INSERT INTO `job_type_result_field` VALUES ('271', '2', 'crawlword', '抓取关键词', 'crawlword', '2');
INSERT INTO `job_type_result_field` VALUES ('272', '2', 'collectNum', '收藏数', 'collectNum', '2');
INSERT INTO `job_type_result_field` VALUES ('273', '2', 'tags', '标签', 'tags', '2');
INSERT INTO `job_type_result_field` VALUES ('274', '2', 'uid', '用户id', 'uid', '2');
INSERT INTO `job_type_result_field` VALUES ('275', '2', 'sames', '相同数', 'sames', '2');
INSERT INTO `job_type_result_field` VALUES ('276', '2', 'forwardtimes', '转发数', 'forwardtimes', '2');
INSERT INTO `job_type_result_field` VALUES ('277', '3', 'url', '新闻url', 'url', '2');
INSERT INTO `job_type_result_field` VALUES ('278', '3', 'commentid', '评论id', 'commentid', '2');
INSERT INTO `job_type_result_field` VALUES ('279', '3', 'comment', '评论内容', 'comment', '2');
INSERT INTO `job_type_result_field` VALUES ('280', '3', 'uname', '评论人昵称', 'uname', '2');
INSERT INTO `job_type_result_field` VALUES ('281', '3', 'datetime', '评论时间', 'datetime', '2');
INSERT INTO `job_type_result_field` VALUES ('282', '3', 'likeNum', '评论赞数', 'likeNum', '2');
INSERT INTO `job_type_result_field` VALUES ('283', '3', 'commenturl', '评论链接', 'commenturl', '2');
INSERT INTO `job_type_result_field` VALUES ('284', '3', 'replyNum', '评论回复数', 'replyNum', '2');
INSERT INTO `job_type_result_field` VALUES ('285', '3', 'imgshow', '头像地址', 'imgshow', '2');
INSERT INTO `job_type_result_field` VALUES ('286', '3', 'levelNum', '楼层', 'levelNum', '2');
INSERT INTO `job_type_result_field` VALUES ('287', '3', 'from', '评论人来自', 'from', '2');
INSERT INTO `job_type_result_field` VALUES ('288', '3', 'uid', '评论人id', 'uid', '2');
INSERT INTO `job_type_result_field` VALUES ('289', '3', 'area', '地区', 'area', '2');
INSERT INTO `job_type_result_field` VALUES ('290', '4', 'weiboApiId', '微博id', 'weiboApiId', '2');
INSERT INTO `job_type_result_field` VALUES ('291', '4', 'id', '微博短id', 'id', '2');
INSERT INTO `job_type_result_field` VALUES ('292', '4', 'pic', '头像图片地址', 'pic', '2');
INSERT INTO `job_type_result_field` VALUES ('293', '4', 'userurl', '微博用户地址', 'userurl', '2');
INSERT INTO `job_type_result_field` VALUES ('294', '4', 'userverify', '认证类型', 'userverify', '2');
INSERT INTO `job_type_result_field` VALUES ('295', '4', 'uid', '用户id', 'uid', '2');
INSERT INTO `job_type_result_field` VALUES ('296', '4', 'isforward', '是否转发', 'isforward', '2');
INSERT INTO `job_type_result_field` VALUES ('297', '4', 'uname', '用户昵称', 'uname', '2');
INSERT INTO `job_type_result_field` VALUES ('298', '4', 'publishtime', '微博时间', 'publishtime', '2');
INSERT INTO `job_type_result_field` VALUES ('299', '4', 'content', '微博内容', 'content', '2');
INSERT INTO `job_type_result_field` VALUES ('300', '4', 'url', '微博url', 'url', '2');
INSERT INTO `job_type_result_field` VALUES ('301', '4', 'srcuid', '源微博用户id', 'srcuid', '2');
INSERT INTO `job_type_result_field` VALUES ('302', '4', 'srcuname', '源微博用户', 'srcuname', '2');
INSERT INTO `job_type_result_field` VALUES ('303', '4', 'srcweiboApiId', '源微博id', 'srcweiboApiId', '2');
INSERT INTO `job_type_result_field` VALUES ('304', '4', 'srcid', '源微博短id', 'srcid', '2');
INSERT INTO `job_type_result_field` VALUES ('305', '4', 'srccontent', '源微博内容', 'srccontent', '2');
INSERT INTO `job_type_result_field` VALUES ('306', '4', 'srcurl', '源微博地址', 'srcurl', '2');
INSERT INTO `job_type_result_field` VALUES ('307', '4', 'srcpublishtime', '源微博时间', 'srcpublishtime', '2');
INSERT INTO `job_type_result_field` VALUES ('308', '4', 'srcforwardtimes', '源微博转发数', 'srcforwardtimes', '2');
INSERT INTO `job_type_result_field` VALUES ('309', '4', 'srcreplytimes', '源微博评论数', 'srcreplytimes', '2');
INSERT INTO `job_type_result_field` VALUES ('310', '4', 'srcpraises', '源微博点赞数', 'srcpraises', '2');
INSERT INTO `job_type_result_field` VALUES ('311', '4', 'imgshow', '图片地址', 'imgshow', '2');
INSERT INTO `job_type_result_field` VALUES ('312', '4', 'video', '视频地址', 'video', '2');
INSERT INTO `job_type_result_field` VALUES ('313', '5', 'weiboUrl', '微博url', 'weiboUrl', '2');
INSERT INTO `job_type_result_field` VALUES ('314', '5', 'weiboid', '微博id', 'weiboid', '2');
INSERT INTO `job_type_result_field` VALUES ('315', '5', 'uname', '评论人昵称', 'uname', '2');
INSERT INTO `job_type_result_field` VALUES ('316', '5', 'uid', '评论人id', 'uid', '2');
INSERT INTO `job_type_result_field` VALUES ('317', '5', 'replytimes', '评论回复数', 'replytimes', '2');
INSERT INTO `job_type_result_field` VALUES ('318', '5', 'commentid', '评论id', 'commentid', '2');
INSERT INTO `job_type_result_field` VALUES ('319', '5', 'likeNum', '评论的赞数', 'likeNum', '2');
INSERT INTO `job_type_result_field` VALUES ('320', '5', 'pic', '评论人头像', 'pic', '2');
INSERT INTO `job_type_result_field` VALUES ('321', '5', 'comment', '评论内容', 'comment', '2');
INSERT INTO `job_type_result_field` VALUES ('322', '6', 'url', '微博url', 'url', '2');
INSERT INTO `job_type_result_field` VALUES ('323', '6', 'weiboApiId', '微博Id', 'weiboApiId', '2');
INSERT INTO `job_type_result_field` VALUES ('324', '6', 'forwardweiboApiId', '转发微博Id', 'forwardweiboApiId', '2');
INSERT INTO `job_type_result_field` VALUES ('325', '6', 'uname', '转发用户昵称', 'uname', '2');
INSERT INTO `job_type_result_field` VALUES ('326', '6', 'uid', '转发用户id', 'uid', '2');
INSERT INTO `job_type_result_field` VALUES ('327', '6', 'pic', '转发用户头像', 'pic', '2');
INSERT INTO `job_type_result_field` VALUES ('328', '6', 'content', '转发微博内容', 'content', '2');
INSERT INTO `job_type_result_field` VALUES ('329', '6', 'datetime', '转发时间', 'datetime', '2');
INSERT INTO `job_type_result_field` VALUES ('330', '6', 'forwardtimes', '转发数', 'forwardtimes', '2');
INSERT INTO `job_type_result_field` VALUES ('331', '6', 'ltimes', '赞数', 'ltimes', '2');
INSERT INTO `job_type_result_field` VALUES ('332', '6', 'forwardUrl', '转发后的url', 'forwardUrl', '2');
INSERT INTO `job_type_result_field` VALUES ('333', '6', 'forwardingUser', '转发用户认证', 'forwardingUser', '2');
INSERT INTO `job_type_result_field` VALUES ('334', '7', 'weibouserurl', '用户主页链接', 'weibouserurl', '2');
INSERT INTO `job_type_result_field` VALUES ('335', '7', 'weibourl', '用户微博链接', 'weibourl', '2');
INSERT INTO `job_type_result_field` VALUES ('336', '7', 'uid', '用户id', 'uid', '2');
INSERT INTO `job_type_result_field` VALUES ('337', '7', 'uname', '用户昵称', 'uname', '2');
INSERT INTO `job_type_result_field` VALUES ('338', '7', 'userimgshow', '用户头像', 'userimgshow', '2');
INSERT INTO `job_type_result_field` VALUES ('339', '7', 'province', '用户所在省', 'province', '2');
INSERT INTO `job_type_result_field` VALUES ('340', '7', 'city', '所在城市', 'city', '2');
INSERT INTO `job_type_result_field` VALUES ('341', '7', 'introduction', '简介', 'introduction', '2');
INSERT INTO `job_type_result_field` VALUES ('342', '7', 'gender', '性别', 'gender', '2');
INSERT INTO `job_type_result_field` VALUES ('343', '7', 'focus', '关注数', 'focus', '2');
INSERT INTO `job_type_result_field` VALUES ('344', '7', 'follwers', '粉丝数', 'follwers', '2');
INSERT INTO `job_type_result_field` VALUES ('345', '8', 'url', '微信url', 'url', '2');
INSERT INTO `job_type_result_field` VALUES ('346', '8', 'temurl', '临时链接', 'temurl', '2');
INSERT INTO `job_type_result_field` VALUES ('347', '8', 'title', '标题', 'title', '2');
INSERT INTO `job_type_result_field` VALUES ('348', '8', 'source', '来源', 'source', '2');
INSERT INTO `job_type_result_field` VALUES ('349', '8', 'author', '作者', 'author', '2');
INSERT INTO `job_type_result_field` VALUES ('350', '8', 'datetime', '发布时间', 'datetime', '2');
INSERT INTO `job_type_result_field` VALUES ('351', '8', 'summary', '摘要', 'summary', '2');
INSERT INTO `job_type_result_field` VALUES ('352', '8', 'content', '内容', 'content', '2');
INSERT INTO `job_type_result_field` VALUES ('353', '8', 'imgshow', '图片', 'imgshow', '2');
INSERT INTO `job_type_result_field` VALUES ('354', '8', 'viewtimes', '阅读数', 'viewtimes', '2');
INSERT INTO `job_type_result_field` VALUES ('355', '8', 'likeNum', '点赞数', 'likeNum', '2');
INSERT INTO `job_type_result_field` VALUES ('356', '8', 'groupName', '行业', 'groupName', '2');
INSERT INTO `job_type_result_field` VALUES ('357', '8', 'newsColumn', '频道', 'newsColumn', '2');
INSERT INTO `job_type_result_field` VALUES ('358', '8', 'crawlword', '关键词', 'crawlword', '2');
INSERT INTO `job_type_result_field` VALUES ('359', '8', 'dataIsv', 'dataIsv', 'dataIsv', '2');
INSERT INTO `job_type_result_field` VALUES ('360', '9', 'url', '微信url', 'url', '2');
INSERT INTO `job_type_result_field` VALUES ('361', '9', 'commenturl', '评论链接', 'commenturl', '2');
INSERT INTO `job_type_result_field` VALUES ('362', '9', 'uname', '评论人名称', 'uname', '2');
INSERT INTO `job_type_result_field` VALUES ('363', '9', 'pic', '评论人头像', 'pic', '2');
INSERT INTO `job_type_result_field` VALUES ('364', '9', 'comment', '评论内容', 'comment', '2');
INSERT INTO `job_type_result_field` VALUES ('365', '9', 'imgshow', '评论内容图片地址', 'imgshow', '2');
INSERT INTO `job_type_result_field` VALUES ('366', '9', 'likeNum', '评论点赞数', 'likeNum', '2');
INSERT INTO `job_type_result_field` VALUES ('367', '9', 'datetime', '评论时间', 'datetime', '2');
INSERT INTO `job_type_result_field` VALUES ('368', '9', 'reply', '微信作者回复', 'reply', '2');
INSERT INTO `job_type_result_field` VALUES ('369', '9', 'uid', '微信评论人ID', 'uid', '2');
INSERT INTO `job_type_result_field` VALUES ('370', '9', 'updatetime', '任务采集时间', 'updatetime', '2');
INSERT INTO `job_type_result_field` VALUES ('371', '10', 'url', '论坛url', 'url', '2');
INSERT INTO `job_type_result_field` VALUES ('372', '10', 'u-url', '论坛用户链接', 'u-url', '2');
INSERT INTO `job_type_result_field` VALUES ('373', '10', 'title', '标题', 'title', '2');
INSERT INTO `job_type_result_field` VALUES ('374', '10', 'area', '来自地区', 'area', '2');
INSERT INTO `job_type_result_field` VALUES ('375', '10', 'uname', '作者', 'uname', '2');
INSERT INTO `job_type_result_field` VALUES ('376', '10', 'datetime', '发布时间', 'datetime', '2');
INSERT INTO `job_type_result_field` VALUES ('377', '10', 'summary', '摘要', 'summary', '2');
INSERT INTO `job_type_result_field` VALUES ('378', '10', 'content', '内容', 'content', '2');
INSERT INTO `job_type_result_field` VALUES ('379', '10', 'pic', '图片', 'pic', '2');
INSERT INTO `job_type_result_field` VALUES ('380', '10', 'carownercamp', '认证类型', 'carownercamp', '2');
INSERT INTO `job_type_result_field` VALUES ('381', '10', 'ltimes', '点赞数', 'ltimes', '2');
INSERT INTO `job_type_result_field` VALUES ('382', '10', 'vtimes', '阅读数', 'vtimes', '2');
INSERT INTO `job_type_result_field` VALUES ('383', '10', 'rtimes', '回复数', 'rtimes', '2');
INSERT INTO `job_type_result_field` VALUES ('384', '10', 'trade', '行业', 'trade', '2');
INSERT INTO `job_type_result_field` VALUES ('385', '10', 'source', '来自论坛名', 'source', '2');
INSERT INTO `job_type_result_field` VALUES ('386', '10', 'crawlword', '关键词', 'crawlword', '2');
INSERT INTO `job_type_result_field` VALUES ('387', '10', 'channel', '频道', 'channel', '2');
INSERT INTO `job_type_result_field` VALUES ('388', '10', 'u-from', '用户来自', 'u-from', '2');
INSERT INTO `job_type_result_field` VALUES ('389', '10', 'u-follw', '关注车型', 'u-follw', '2');
INSERT INTO `job_type_result_field` VALUES ('390', '10', 'owner', '认证车型', 'owner', '2');
INSERT INTO `job_type_result_field` VALUES ('391', '11', 'url', '论坛url', 'url', '2');
INSERT INTO `job_type_result_field` VALUES ('392', '11', 'commentid', '评论id', 'commentid', '2');
INSERT INTO `job_type_result_field` VALUES ('393', '11', 'comment', '评论内容', 'comment', '2');
INSERT INTO `job_type_result_field` VALUES ('394', '11', 'levelNum', '楼层', 'levelNum', '2');
INSERT INTO `job_type_result_field` VALUES ('395', '11', 'uname', '昵称', 'uname', '2');
INSERT INTO `job_type_result_field` VALUES ('396', '11', 'datetime', '评论时间', 'datetime', '2');
INSERT INTO `job_type_result_field` VALUES ('397', '11', 'likeNum', '评论赞数', 'likeNum', '2');
INSERT INTO `job_type_result_field` VALUES ('398', '11', 'unlikeNum', '评论反对数', 'unlikeNum', '2');
INSERT INTO `job_type_result_field` VALUES ('399', '11', 'u-level', '评论人头衔', 'u-level', '2');
INSERT INTO `job_type_result_field` VALUES ('400', '11', 'u-email', '评论人email', 'u-email', '2');
INSERT INTO `job_type_result_field` VALUES ('401', '11', 'u-mobile', '评论人mobile', 'u-mobile', '2');
INSERT INTO `job_type_result_field` VALUES ('402', '11', 'commenturl', '评论地址', 'commenturl', '2');
INSERT INTO `job_type_result_field` VALUES ('403', '11', 'area', '评论人来自', 'area', '2');
INSERT INTO `job_type_result_field` VALUES ('404', '11', 'from', '评论来自论坛', 'from', '2');
INSERT INTO `job_type_result_field` VALUES ('405', '12', 'url', '问题url', 'url', '2');
INSERT INTO `job_type_result_field` VALUES ('406', '12', 'title', '标题', 'title', '2');
INSERT INTO `job_type_result_field` VALUES ('407', '12', 'content', '内容', 'content', '2');
INSERT INTO `job_type_result_field` VALUES ('408', '12', 'rtimes', '问题评论数', 'rtimes', '2');
INSERT INTO `job_type_result_field` VALUES ('409', '12', 'tags', '问题标签', 'tags', '2');
INSERT INTO `job_type_result_field` VALUES ('410', '12', 'follows', '问题关注数', 'follows', '2');
INSERT INTO `job_type_result_field` VALUES ('411', '12', 'vtimes', '问题浏览数', 'vtimes', '2');
INSERT INTO `job_type_result_field` VALUES ('412', '12', 'uname', '提问人', 'uname', '2');
INSERT INTO `job_type_result_field` VALUES ('413', '12', 'datetime', '第一人提问时间', 'datetime', '2');
INSERT INTO `job_type_result_field` VALUES ('414', '12', 'latesttime', '提问时间(最后时间)', 'latesttime', '2');
INSERT INTO `job_type_result_field` VALUES ('415', '12', 'ansuwers', '回答数', 'ansuwers', '2');
INSERT INTO `job_type_result_field` VALUES ('416', '12', 'uid', '提问人id', 'uid', '2');
INSERT INTO `job_type_result_field` VALUES ('417', '12', 'ltimes', '问题赞数', 'ltimes', '2');
INSERT INTO `job_type_result_field` VALUES ('418', '12', 'crawlword', '关键词', 'crawlword', '2');
INSERT INTO `job_type_result_field` VALUES ('419', '12', 'summary', '问题摘要', 'summary', '2');
INSERT INTO `job_type_result_field` VALUES ('420', '13', 'url', '问答url', 'url', '2');
INSERT INTO `job_type_result_field` VALUES ('421', '13', 'uname', '回答人名称', 'uname', '2');
INSERT INTO `job_type_result_field` VALUES ('422', '13', 'introdustion', '回答人介绍', 'introdustion', '2');
INSERT INTO `job_type_result_field` VALUES ('423', '13', 'uurl', '回答人主页', 'uurl', '2');
INSERT INTO `job_type_result_field` VALUES ('424', '13', 'comment', '回答内容', 'comment', '2');
INSERT INTO `job_type_result_field` VALUES ('425', '13', 'img', '回答内容图片', 'img', '2');
INSERT INTO `job_type_result_field` VALUES ('426', '13', 'datetime', '回答发布时间', 'datetime', '2');
INSERT INTO `job_type_result_field` VALUES ('427', '13', 'ltimes', '回答点赞数', 'ltimes', '2');
INSERT INTO `job_type_result_field` VALUES ('428', '13', 'badTips', '回答反对数', 'badTips', '2');
INSERT INTO `job_type_result_field` VALUES ('429', '13', 'ccomment', '回答的回复', 'ccomment', '2');
INSERT INTO `job_type_result_field` VALUES ('430', '13', 'ulevel', '问答人等级', 'ulevel', '2');
INSERT INTO `job_type_result_field` VALUES ('431', '13', 'rtimes', '回答的评论数', 'rtimes', '2');
INSERT INTO `job_type_result_field` VALUES ('432', '13', 'commentid', '评论唯一标示', 'commentid', '2');
INSERT INTO `job_type_result_field` VALUES ('433', '13', 'levelNum', '回答楼层', 'levelNum', '2');
INSERT INTO `job_type_result_field` VALUES ('434', '4', 'forwardtimes', '转发数', 'forwardtimes', '2');
INSERT INTO `job_type_result_field` VALUES ('435', '4', 'replytimes', '评论数', 'replytimes', '2');
INSERT INTO `job_type_result_field` VALUES ('436', '4', 'praises', '赞数', 'praises', '2');
INSERT INTO `job_type_result_field` VALUES ('437', '4', 'location', '地理位置', 'location', '2');
INSERT INTO `job_type_result_field` VALUES ('438', '4', 'srclocation', '源微博地理位置', 'srclocation', '2');
INSERT INTO `job_type_result_field` VALUES ('439', '4', 'srcsource', '源微博来源', 'srcsource', '2');
INSERT INTO `job_type_result_field` VALUES ('440', '4', 'source', '微博来源', 'source', '2');
INSERT INTO `job_type_result_field` VALUES ('441', '4', 'crawladdress', '抓取地址', 'crawladdress', '2');
INSERT INTO `job_type_result_field` VALUES ('442', '4', 'crawlword', '关键词', 'crawlword', '2');
INSERT INTO `job_type_result_field` VALUES ('443', '5', 'datetime', '评论时间', 'datetime', '2');
INSERT INTO `job_type_result_field` VALUES ('444', '5', 'reply', '评论的回复', 'reply', '2');
INSERT INTO `job_type_result_field` VALUES ('445', '5', 'userverify', '评论人用户认证', 'userverify', '2');
INSERT INTO `job_type_result_field` VALUES ('446', '5', 'userurl', '评论人主页', 'userurl', '2');
INSERT INTO `job_type_result_field` VALUES ('447', '6', 'userLevel', '用户等级', 'userLevel', '2');
INSERT INTO `job_type_result_field` VALUES ('448', '6', 'userArea', '用户地区', 'userArea', '2');
INSERT INTO `job_type_result_field` VALUES ('449', '7', 'weiboNum', '微博数', 'weiboNum', '2');
INSERT INTO `job_type_result_field` VALUES ('450', '7', 'userverify', '认证类型', 'userverify', '2');
INSERT INTO `job_type_result_field` VALUES ('451', '7', 'title', '头衔', 'title', '2');
INSERT INTO `job_type_result_field` VALUES ('452', '7', 'education', '教育', 'education', '2');
INSERT INTO `job_type_result_field` VALUES ('453', '7', 'job', '工作', 'job', '2');
INSERT INTO `job_type_result_field` VALUES ('454', '7', 'birthday', '生日', 'birthday', '2');
INSERT INTO `job_type_result_field` VALUES ('455', '7', 'tags', '标签', 'tags', '2');
INSERT INTO `job_type_result_field` VALUES ('456', '7', 'registration', '注册日期', 'registration', '2');
INSERT INTO `job_type_result_field` VALUES ('457', '7', 'userArea', '用户地区', 'userArea', '2');
INSERT INTO `job_type_result_field` VALUES ('458', '8', 'authorId', '微信号', 'authorId', '2');
INSERT INTO `job_type_result_field` VALUES ('459', '11', 'follow', '关注车型', 'follow', '2');
INSERT INTO `job_type_result_field` VALUES ('460', '11', 'owner', '认证车型', 'owner', '2');
INSERT INTO `job_type_result_field` VALUES ('461', '11', 'uid', '用户id', 'uid', '2');
INSERT INTO `job_type_result_field` VALUES ('462', '14', 'sku', '商品编号', 'sku', '2');
INSERT INTO `job_type_result_field` VALUES ('463', '14', 'title', '商品名称', 'title', '2');
INSERT INTO `job_type_result_field` VALUES ('464', '14', 'stars', '星级', 'stars', '2');
INSERT INTO `job_type_result_field` VALUES ('465', '14', 'url', '商品链接', 'url', '2');
INSERT INTO `job_type_result_field` VALUES ('466', '14', 'commentNum', '商品总评数', 'commentNum', '2');
INSERT INTO `job_type_result_field` VALUES ('467', '14', 'price', '商品原售价', 'price', '2');
INSERT INTO `job_type_result_field` VALUES ('468', '14', 'imgshow', '商品图片', 'imgshow', '2');
INSERT INTO `job_type_result_field` VALUES ('469', '14', 'sprice', '商品促销价', 'sprice', '2');
INSERT INTO `job_type_result_field` VALUES ('470', '14', 'msalesNum', '月销量', 'msalesNum', '2');
INSERT INTO `job_type_result_field` VALUES ('471', '14', 'type', '规格', 'type', '2');
INSERT INTO `job_type_result_field` VALUES ('472', '14', 'weight', '重量', 'weight', '2');
INSERT INTO `job_type_result_field` VALUES ('473', '14', 'activities', '促销活动', 'activities', '2');
INSERT INTO `job_type_result_field` VALUES ('474', '14', 'scores', '积分', 'scores', '2');
INSERT INTO `job_type_result_field` VALUES ('475', '14', 'seller', '店铺名称', 'seller', '2');
INSERT INTO `job_type_result_field` VALUES ('476', '14', 'sellerid', '店铺id', 'sellerid', '2');
INSERT INTO `job_type_result_field` VALUES ('477', '14', 'sellerUrl', '店铺地址', 'sellerUrl', '2');
INSERT INTO `job_type_result_field` VALUES ('478', '14', 'isSelfEmployed', '是否自营', 'isSelfEmployed', '2');
INSERT INTO `job_type_result_field` VALUES ('479', '14', 'brand', '品牌', 'brand', '2');
INSERT INTO `job_type_result_field` VALUES ('480', '15', 'sku', '商品编号', 'sku', '2');
INSERT INTO `job_type_result_field` VALUES ('481', '15', 'title', '商品名称', 'title', '2');
INSERT INTO `job_type_result_field` VALUES ('482', '15', 'url', '商品链接', 'url', '2');
INSERT INTO `job_type_result_field` VALUES ('483', '15', 'comments', '购买者评论内容', 'comments', '2');
INSERT INTO `job_type_result_field` VALUES ('484', '15', 'stars', '评论者星级', 'stars', '2');
INSERT INTO `job_type_result_field` VALUES ('485', '15', 'imgshow', '评论者晒图', 'imgshow', '2');
INSERT INTO `job_type_result_field` VALUES ('486', '15', 'datetime', '评论日期', 'datetime', '2');
INSERT INTO `job_type_result_field` VALUES ('487', '15', 'reply', '店家回复', 'reply', '2');
INSERT INTO `job_type_result_field` VALUES ('488', '15', 'replytime', '店家回复日期', 'replytime', '2');
INSERT INTO `job_type_result_field` VALUES ('489', '15', 'nextcomment', '追加评论', 'nextcomment', '2');
INSERT INTO `job_type_result_field` VALUES ('490', '15', 'nextcommenttime', '追加评论日期', 'nextcommenttime', '2');
INSERT INTO `job_type_result_field` VALUES ('491', '15', 'uname', '评论人昵称', 'uname', '2');
INSERT INTO `job_type_result_field` VALUES ('492', '15', 'isanonymous', '是否匿名', 'isanonymous', '2');
INSERT INTO `job_type_result_field` VALUES ('493', '15', 'pic', '评论人头像', 'pic', '2');
INSERT INTO `job_type_result_field` VALUES ('494', '15', 'ulevel', '评论人等级', 'ulevel', '2');
INSERT INTO `job_type_result_field` VALUES ('495', '15', 'type', '评论人购买的商品规格', 'type', '2');
INSERT INTO `job_type_result_field` VALUES ('496', '15', 'likeNum', '评论内容的赞数', 'likeNum', '2');
INSERT INTO `job_type_result_field` VALUES ('497', '15', 'commentNum', '评论内容的评论数', 'commentNum', '2');
INSERT INTO `job_type_result_field` VALUES ('498', '15', 'viewtimes', '评论内容的阅读数', 'viewtimes', '2');
INSERT INTO `job_type_result_field` VALUES ('499', '15', 'area', '评论人来自区域', 'area', '2');
INSERT INTO `job_type_result_field` VALUES ('500', '15', 'creditScore', '买家信用积分', 'creditScore', '2');
INSERT INTO `job_type_result_field` VALUES ('501', '15', 'bdatetime', '购买时间', 'bdatetime', '2');
INSERT INTO `job_type_result_field` VALUES ('502', '16', 'sku', '商品编号', 'sku', '2');
INSERT INTO `job_type_result_field` VALUES ('503', '16', 'title', '商品名称', 'title', '2');
INSERT INTO `job_type_result_field` VALUES ('504', '16', 'url', '商品链接', 'url', '2');
INSERT INTO `job_type_result_field` VALUES ('505', '16', 'stars', '星级', 'stars', '2');
INSERT INTO `job_type_result_field` VALUES ('506', '16', 'prate', '好评度', 'prate', '2');
INSERT INTO `job_type_result_field` VALUES ('507', '16', 'tags', '评论标签', 'tags', '2');
INSERT INTO `job_type_result_field` VALUES ('508', '16', 'commentNum', '总评数量', 'commentNum', '2');
INSERT INTO `job_type_result_field` VALUES ('509', '16', 'nextCum', '追评数量', 'nextCum', '2');
INSERT INTO `job_type_result_field` VALUES ('510', '16', 'picNum', '晒图数量', 'picNum', '2');
INSERT INTO `job_type_result_field` VALUES ('511', '16', 'positiveNum', '好评数量', 'positiveNum', '2');
INSERT INTO `job_type_result_field` VALUES ('512', '16', 'moderateNum', '中评数量', 'moderateNum', '2');
INSERT INTO `job_type_result_field` VALUES ('513', '16', 'negativeNum', '差评数量', 'negativeNum', '2');
INSERT INTO `job_type_result_field` VALUES ('514', '12', 'datetime', '提问时间(第一人)', 'datetime', '2');
INSERT INTO `job_type_result_field` VALUES ('515', '17', 'sidInSection', '句子在段落中的序号', 'sidInSection', '2');
INSERT INTO `job_type_result_field` VALUES ('516', '17', 'pid', '段落id', 'pid', '2');
INSERT INTO `job_type_result_field` VALUES ('517', '17', 'splitResult', '分词结果', 'splitResult', '2');
INSERT INTO `job_type_result_field` VALUES ('518', '17', 'keywordResult', '关键词结果', 'keywordResult', '2');
INSERT INTO `job_type_result_field` VALUES ('519', '17', 'corpusId', '语料id', 'corpusId', '2');
INSERT INTO `job_type_result_field` VALUES ('520', '17', 'themeJSON', '主题json', 'themeJSON', '2');
INSERT INTO `job_type_result_field` VALUES ('521', '17', 'topicJSON', '话题json', 'topicJSON', '2');
INSERT INTO `job_type_result_field` VALUES ('522', '17', 'sText', '句子内容', 'sText', '2');
INSERT INTO `job_type_result_field` VALUES ('523', '17', 'aid', '文章id', 'aid', '2');
INSERT INTO `job_type_result_field` VALUES ('524', '17', 'projectID', '项目id', 'projectID', '2');
INSERT INTO `job_type_result_field` VALUES ('525', '17', 'dataSourceType', '数据源类型名称', 'dataSourceType', '2');
INSERT INTO `job_type_result_field` VALUES ('526', '18', 'pid', '段落id', 'pid', '2');
INSERT INTO `job_type_result_field` VALUES ('527', '18', 'splitResult', '分词结果', 'splitResult', '2');
INSERT INTO `job_type_result_field` VALUES ('528', '18', 'keywordResult', '关键词结果', 'keywordResult', '2');
INSERT INTO `job_type_result_field` VALUES ('529', '18', 'pText', '段落内容', 'pText', '2');
INSERT INTO `job_type_result_field` VALUES ('530', '18', 'corpusId', '语料id', 'corpusId', '2');
INSERT INTO `job_type_result_field` VALUES ('531', '18', 'themeJSON', '主题json', 'themeJSON', '2');
INSERT INTO `job_type_result_field` VALUES ('532', '18', 'topicJSON', '话题json', 'topicJSON', '2');
INSERT INTO `job_type_result_field` VALUES ('533', '18', 'aid', '文章id', 'aid', '2');
INSERT INTO `job_type_result_field` VALUES ('534', '18', 'projectID', '项目id', 'projectID', '2');
INSERT INTO `job_type_result_field` VALUES ('535', '18', 'dataSourceType', '数据源类型名称', 'dataSourceType', '2');
INSERT INTO `job_type_result_field` VALUES ('536', '19', 'aText', '文章内容', 'aText', '2');
INSERT INTO `job_type_result_field` VALUES ('537', '19', 'corpusId', '语料id', 'corpusId', '2');
INSERT INTO `job_type_result_field` VALUES ('538', '19', 'themeJSON', '主题json', 'themeJSON', '2');
INSERT INTO `job_type_result_field` VALUES ('539', '19', 'topicJSON', '话题json', 'topicJSON', '2');
INSERT INTO `job_type_result_field` VALUES ('540', '19', 'aid', '文章id', 'aid', '2');
INSERT INTO `job_type_result_field` VALUES ('541', '19', 'projectID', '项目id', 'projectID', '2');
INSERT INTO `job_type_result_field` VALUES ('542', '19', 'dataSourceType', '数据源类型名称', 'dataSourceType', '2');
INSERT INTO `job_type_result_field` VALUES ('543', '19', 'splitResult', '分词结果', 'splitResult', '2');
INSERT INTO `job_type_result_field` VALUES ('544', '19', 'keywordResult', '关键词结果', 'keywordResult', '2');


INSERT INTO `job_type_result_query_field` VALUES ('256', '2', 'url', 'url', '2');
INSERT INTO `job_type_result_query_field` VALUES ('257', '2', 'source', '来源', '2');
INSERT INTO `job_type_result_query_field` VALUES ('258', '2', 'groupName', '频道', '2');
INSERT INTO `job_type_result_query_field` VALUES ('259', '2', 'newsColumn', '栏目', '2');
INSERT INTO `job_type_result_query_field` VALUES ('260', '2', 'title', '标题', '2');
INSERT INTO `job_type_result_query_field` VALUES ('261', '2', 'uname', '作者', '2');
INSERT INTO `job_type_result_query_field` VALUES ('262', '2', 'datetime', '发布日期', '2');
INSERT INTO `job_type_result_query_field` VALUES ('263', '2', 'summary', '摘要', '2');
INSERT INTO `job_type_result_query_field` VALUES ('264', '2', 'content', '内容', '2');
INSERT INTO `job_type_result_query_field` VALUES ('265', '2', 'imgshow', '图片地址', '2');
INSERT INTO `job_type_result_query_field` VALUES ('266', '2', 'viewNum', '阅读数', '2');
INSERT INTO `job_type_result_query_field` VALUES ('267', '2', 'commentNum', '评论数', '2');
INSERT INTO `job_type_result_query_field` VALUES ('268', '2', 'joinNum', '参与数', '2');
INSERT INTO `job_type_result_query_field` VALUES ('269', '2', 'likeNum', '赞数', '2');
INSERT INTO `job_type_result_query_field` VALUES ('270', '2', 'crawlword', '抓取关键词', '2');
INSERT INTO `job_type_result_query_field` VALUES ('271', '2', 'collectNum', '收藏数', '2');
INSERT INTO `job_type_result_query_field` VALUES ('272', '2', 'tags', '标签', '2');
INSERT INTO `job_type_result_query_field` VALUES ('273', '2', 'uid', '用户id', '2');
INSERT INTO `job_type_result_query_field` VALUES ('274', '2', 'sames', '相同数', '2');
INSERT INTO `job_type_result_query_field` VALUES ('275', '2', 'forwardtimes', '转发数', '2');
INSERT INTO `job_type_result_query_field` VALUES ('276', '3', 'url', '新闻url', '2');
INSERT INTO `job_type_result_query_field` VALUES ('277', '3', 'commentid', '评论id', '2');
INSERT INTO `job_type_result_query_field` VALUES ('278', '3', 'comment', '评论内容', '2');
INSERT INTO `job_type_result_query_field` VALUES ('279', '3', 'uname', '评论人昵称', '2');
INSERT INTO `job_type_result_query_field` VALUES ('280', '3', 'datetime', '评论时间', '2');
INSERT INTO `job_type_result_query_field` VALUES ('281', '3', 'likeNum', '评论赞数', '2');
INSERT INTO `job_type_result_query_field` VALUES ('282', '3', 'commenturl', '评论链接', '2');
INSERT INTO `job_type_result_query_field` VALUES ('283', '3', 'replyNum', '评论回复数', '2');
INSERT INTO `job_type_result_query_field` VALUES ('284', '3', 'imgshow', '头像地址', '2');
INSERT INTO `job_type_result_query_field` VALUES ('285', '3', 'levelNum', '楼层', '2');
INSERT INTO `job_type_result_query_field` VALUES ('286', '3', 'from', '评论人来自', '2');
INSERT INTO `job_type_result_query_field` VALUES ('287', '3', 'uid', '评论人id', '2');
INSERT INTO `job_type_result_query_field` VALUES ('288', '3', 'area', '地区', '2');
INSERT INTO `job_type_result_query_field` VALUES ('289', '4', 'weiboApiId', '微博id', '2');
INSERT INTO `job_type_result_query_field` VALUES ('290', '4', 'id', '微博短id', '2');
INSERT INTO `job_type_result_query_field` VALUES ('291', '4', 'pic', '头像图片地址', '2');
INSERT INTO `job_type_result_query_field` VALUES ('292', '4', 'userurl', '微博用户地址', '2');
INSERT INTO `job_type_result_query_field` VALUES ('293', '4', 'userverify', '认证类型', '2');
INSERT INTO `job_type_result_query_field` VALUES ('294', '4', 'uid', '用户id', '2');
INSERT INTO `job_type_result_query_field` VALUES ('295', '4', 'isforward', '是否转发', '2');
INSERT INTO `job_type_result_query_field` VALUES ('296', '4', 'uname', '用户昵称', '2');
INSERT INTO `job_type_result_query_field` VALUES ('297', '4', 'publishtime', '微博时间', '2');
INSERT INTO `job_type_result_query_field` VALUES ('298', '4', 'content', '微博内容', '2');
INSERT INTO `job_type_result_query_field` VALUES ('299', '4', 'url', '微博url', '2');
INSERT INTO `job_type_result_query_field` VALUES ('300', '4', 'srcuid', '源微博用户id', '2');
INSERT INTO `job_type_result_query_field` VALUES ('301', '4', 'srcuname', '源微博用户', '2');
INSERT INTO `job_type_result_query_field` VALUES ('302', '4', 'srcweiboApiId', '源微博id', '2');
INSERT INTO `job_type_result_query_field` VALUES ('303', '4', 'srcid', '源微博短id', '2');
INSERT INTO `job_type_result_query_field` VALUES ('304', '4', 'srccontent', '源微博内容', '2');
INSERT INTO `job_type_result_query_field` VALUES ('305', '4', 'srcurl', '源微博地址', '2');
INSERT INTO `job_type_result_query_field` VALUES ('306', '4', 'srcpublishtime', '源微博时间', '2');
INSERT INTO `job_type_result_query_field` VALUES ('307', '4', 'srcforwardtimes', '源微博转发数', '2');
INSERT INTO `job_type_result_query_field` VALUES ('308', '4', 'srcreplytimes', '源微博评论数', '2');
INSERT INTO `job_type_result_query_field` VALUES ('309', '4', 'srcpraises', '源微博点赞数', '2');
INSERT INTO `job_type_result_query_field` VALUES ('310', '4', 'imgshow', '图片地址', '2');
INSERT INTO `job_type_result_query_field` VALUES ('311', '4', 'video', '视频地址', '2');
INSERT INTO `job_type_result_query_field` VALUES ('312', '5', 'weiboUrl', '微博url', '2');
INSERT INTO `job_type_result_query_field` VALUES ('313', '5', 'weiboid', '微博id', '2');
INSERT INTO `job_type_result_query_field` VALUES ('314', '5', 'uname', '评论人昵称', '2');
INSERT INTO `job_type_result_query_field` VALUES ('315', '5', 'uid', '评论人id', '2');
INSERT INTO `job_type_result_query_field` VALUES ('316', '5', 'replytimes', '评论回复数', '2');
INSERT INTO `job_type_result_query_field` VALUES ('317', '5', 'commentid', '评论id', '2');
INSERT INTO `job_type_result_query_field` VALUES ('318', '5', 'likeNum', '评论的赞数', '2');
INSERT INTO `job_type_result_query_field` VALUES ('319', '5', 'pic', '评论人头像', '2');
INSERT INTO `job_type_result_query_field` VALUES ('320', '5', 'comment', '评论内容', '2');
INSERT INTO `job_type_result_query_field` VALUES ('321', '6', 'url', '微博url', '2');
INSERT INTO `job_type_result_query_field` VALUES ('322', '6', 'weiboApiId', '微博Id', '2');
INSERT INTO `job_type_result_query_field` VALUES ('323', '6', 'forwardweiboApiId', '转发微博Id', '2');
INSERT INTO `job_type_result_query_field` VALUES ('324', '6', 'uname', '转发用户昵称', '2');
INSERT INTO `job_type_result_query_field` VALUES ('325', '6', 'uid', '转发用户id', '2');
INSERT INTO `job_type_result_query_field` VALUES ('326', '6', 'pic', '转发用户头像', '2');
INSERT INTO `job_type_result_query_field` VALUES ('327', '6', 'content', '转发微博内容', '2');
INSERT INTO `job_type_result_query_field` VALUES ('328', '6', 'datetime', '转发时间', '2');
INSERT INTO `job_type_result_query_field` VALUES ('329', '6', 'forwardtimes', '转发数', '2');
INSERT INTO `job_type_result_query_field` VALUES ('330', '6', 'ltimes', '赞数', '2');
INSERT INTO `job_type_result_query_field` VALUES ('331', '6', 'forwardUrl', '转发后的url', '2');
INSERT INTO `job_type_result_query_field` VALUES ('332', '6', 'forwardingUser', '转发用户认证', '2');
INSERT INTO `job_type_result_query_field` VALUES ('333', '7', 'weibouserurl', '用户主页链接', '2');
INSERT INTO `job_type_result_query_field` VALUES ('334', '7', 'weibourl', '用户微博链接', '2');
INSERT INTO `job_type_result_query_field` VALUES ('335', '7', 'uid', '用户id', '2');
INSERT INTO `job_type_result_query_field` VALUES ('336', '7', 'uname', '用户昵称', '2');
INSERT INTO `job_type_result_query_field` VALUES ('337', '7', 'userimgshow', '用户头像', '2');
INSERT INTO `job_type_result_query_field` VALUES ('338', '7', 'province', '用户所在省', '2');
INSERT INTO `job_type_result_query_field` VALUES ('339', '7', 'city', '所在城市', '2');
INSERT INTO `job_type_result_query_field` VALUES ('340', '7', 'introduction', '简介', '2');
INSERT INTO `job_type_result_query_field` VALUES ('341', '7', 'gender', '性别', '2');
INSERT INTO `job_type_result_query_field` VALUES ('342', '7', 'focus', '关注数', '2');
INSERT INTO `job_type_result_query_field` VALUES ('343', '7', 'follwers', '粉丝数', '2');
INSERT INTO `job_type_result_query_field` VALUES ('344', '8', 'url', '微信url', '2');
INSERT INTO `job_type_result_query_field` VALUES ('345', '8', 'temurl', '临时链接', '2');
INSERT INTO `job_type_result_query_field` VALUES ('346', '8', 'title', '标题', '2');
INSERT INTO `job_type_result_query_field` VALUES ('347', '8', 'source', '来源', '2');
INSERT INTO `job_type_result_query_field` VALUES ('348', '8', 'author', '作者', '2');
INSERT INTO `job_type_result_query_field` VALUES ('349', '8', 'datetime', '发布时间', '2');
INSERT INTO `job_type_result_query_field` VALUES ('350', '8', 'summary', '摘要', '2');
INSERT INTO `job_type_result_query_field` VALUES ('351', '8', 'content', '内容', '2');
INSERT INTO `job_type_result_query_field` VALUES ('352', '8', 'imgshow', '图片', '2');
INSERT INTO `job_type_result_query_field` VALUES ('353', '8', 'viewtimes', '阅读数', '2');
INSERT INTO `job_type_result_query_field` VALUES ('354', '8', 'likeNum', '点赞数', '2');
INSERT INTO `job_type_result_query_field` VALUES ('355', '8', 'groupName', '行业', '2');
INSERT INTO `job_type_result_query_field` VALUES ('356', '8', 'newsColumn', '频道', '2');
INSERT INTO `job_type_result_query_field` VALUES ('357', '8', 'crawlword', '关键词', '2');
INSERT INTO `job_type_result_query_field` VALUES ('358', '8', 'dataIsv', 'dataIsv', '2');
INSERT INTO `job_type_result_query_field` VALUES ('359', '9', 'url', '微信url', '2');
INSERT INTO `job_type_result_query_field` VALUES ('360', '9', 'commenturl', '评论链接', '2');
INSERT INTO `job_type_result_query_field` VALUES ('361', '9', 'uname', '评论人名称', '2');
INSERT INTO `job_type_result_query_field` VALUES ('362', '9', 'pic', '评论人头像', '2');
INSERT INTO `job_type_result_query_field` VALUES ('363', '9', 'comment', '评论内容', '2');
INSERT INTO `job_type_result_query_field` VALUES ('364', '9', 'imgshow', '评论内容图片地址', '2');
INSERT INTO `job_type_result_query_field` VALUES ('365', '9', 'likeNum', '评论点赞数', '2');
INSERT INTO `job_type_result_query_field` VALUES ('366', '9', 'datetime', '评论时间', '2');
INSERT INTO `job_type_result_query_field` VALUES ('367', '9', 'reply', '微信作者回复', '2');
INSERT INTO `job_type_result_query_field` VALUES ('368', '9', 'uid', '微信评论人ID', '2');
INSERT INTO `job_type_result_query_field` VALUES ('369', '9', 'updatetime', '任务采集时间', '2');
INSERT INTO `job_type_result_query_field` VALUES ('370', '10', 'url', '论坛url', '2');
INSERT INTO `job_type_result_query_field` VALUES ('371', '10', 'u-url', '论坛用户链接', '2');
INSERT INTO `job_type_result_query_field` VALUES ('372', '10', 'title', '标题', '2');
INSERT INTO `job_type_result_query_field` VALUES ('373', '10', 'area', '来自地区', '2');
INSERT INTO `job_type_result_query_field` VALUES ('374', '10', 'uname', '作者', '2');
INSERT INTO `job_type_result_query_field` VALUES ('375', '10', 'datetime', '发布时间', '2');
INSERT INTO `job_type_result_query_field` VALUES ('376', '10', 'summary', '摘要', '2');
INSERT INTO `job_type_result_query_field` VALUES ('377', '10', 'content', '内容', '2');
INSERT INTO `job_type_result_query_field` VALUES ('378', '10', 'pic', '图片', '2');
INSERT INTO `job_type_result_query_field` VALUES ('379', '10', 'carownercamp', '认证类型', '2');
INSERT INTO `job_type_result_query_field` VALUES ('380', '10', 'ltimes', '点赞数', '2');
INSERT INTO `job_type_result_query_field` VALUES ('381', '10', 'vtimes', '阅读数', '2');
INSERT INTO `job_type_result_query_field` VALUES ('382', '10', 'rtimes', '回复数', '2');
INSERT INTO `job_type_result_query_field` VALUES ('383', '10', 'trade', '行业', '2');
INSERT INTO `job_type_result_query_field` VALUES ('384', '10', 'source', '来自论坛名', '2');
INSERT INTO `job_type_result_query_field` VALUES ('385', '10', 'crawlword', '关键词', '2');
INSERT INTO `job_type_result_query_field` VALUES ('386', '10', 'channel', '频道', '2');
INSERT INTO `job_type_result_query_field` VALUES ('387', '10', 'u-from', '用户来自', '2');
INSERT INTO `job_type_result_query_field` VALUES ('388', '10', 'u-follw', '关注车型', '2');
INSERT INTO `job_type_result_query_field` VALUES ('389', '10', 'owner', '认证车型', '2');
INSERT INTO `job_type_result_query_field` VALUES ('390', '11', 'url', '论坛url', '2');
INSERT INTO `job_type_result_query_field` VALUES ('391', '11', 'commentid', '评论id', '2');
INSERT INTO `job_type_result_query_field` VALUES ('392', '11', 'comment', '评论内容', '2');
INSERT INTO `job_type_result_query_field` VALUES ('393', '11', 'levelNum', '楼层', '2');
INSERT INTO `job_type_result_query_field` VALUES ('394', '11', 'uname', '昵称', '2');
INSERT INTO `job_type_result_query_field` VALUES ('395', '11', 'datetime', '评论时间', '2');
INSERT INTO `job_type_result_query_field` VALUES ('396', '11', 'likeNum', '评论赞数', '2');
INSERT INTO `job_type_result_query_field` VALUES ('397', '11', 'unlikeNum', '评论反对数', '2');
INSERT INTO `job_type_result_query_field` VALUES ('398', '11', 'u-level', '评论人头衔', '2');
INSERT INTO `job_type_result_query_field` VALUES ('399', '11', 'u-email', '评论人email', '2');
INSERT INTO `job_type_result_query_field` VALUES ('400', '11', 'u-mobile', '评论人mobile', '2');
INSERT INTO `job_type_result_query_field` VALUES ('401', '11', 'commenturl', '评论地址', '2');
INSERT INTO `job_type_result_query_field` VALUES ('402', '11', 'area', '评论人来自', '2');
INSERT INTO `job_type_result_query_field` VALUES ('403', '11', 'from', '评论来自论坛', '2');
INSERT INTO `job_type_result_query_field` VALUES ('404', '12', 'url', '问题url', '2');
INSERT INTO `job_type_result_query_field` VALUES ('405', '12', 'title', '标题', '2');
INSERT INTO `job_type_result_query_field` VALUES ('406', '12', 'content', '内容', '2');
INSERT INTO `job_type_result_query_field` VALUES ('407', '12', 'rtimes', '问题评论数', '2');
INSERT INTO `job_type_result_query_field` VALUES ('408', '12', 'tags', '问题标签', '2');
INSERT INTO `job_type_result_query_field` VALUES ('409', '12', 'follows', '问题关注数', '2');
INSERT INTO `job_type_result_query_field` VALUES ('410', '12', 'vtimes', '问题浏览数', '2');
INSERT INTO `job_type_result_query_field` VALUES ('411', '12', 'uname', '提问人', '2');
INSERT INTO `job_type_result_query_field` VALUES ('412', '12', 'datetime', '第一人提问时间', '2');
INSERT INTO `job_type_result_query_field` VALUES ('413', '12', 'latesttime', '提问时间(最后时间)', '2');
INSERT INTO `job_type_result_query_field` VALUES ('414', '12', 'ansuwers', '回答数', '2');
INSERT INTO `job_type_result_query_field` VALUES ('415', '12', 'uid', '提问人id', '2');
INSERT INTO `job_type_result_query_field` VALUES ('416', '12', 'ltimes', '问题赞数', '2');
INSERT INTO `job_type_result_query_field` VALUES ('417', '12', 'crawlword', '关键词', '2');
INSERT INTO `job_type_result_query_field` VALUES ('418', '12', 'summary', '问题摘要', '2');
INSERT INTO `job_type_result_query_field` VALUES ('419', '13', 'url', '问答url', '2');
INSERT INTO `job_type_result_query_field` VALUES ('420', '13', 'uname', '回答人名称', '2');
INSERT INTO `job_type_result_query_field` VALUES ('421', '13', 'introdustion', '回答人介绍', '2');
INSERT INTO `job_type_result_query_field` VALUES ('422', '13', 'uurl', '回答人主页', '2');
INSERT INTO `job_type_result_query_field` VALUES ('423', '13', 'comment', '回答内容', '2');
INSERT INTO `job_type_result_query_field` VALUES ('424', '13', 'img', '回答内容图片', '2');
INSERT INTO `job_type_result_query_field` VALUES ('425', '13', 'datetime', '回答发布时间', '2');
INSERT INTO `job_type_result_query_field` VALUES ('426', '13', 'ltimes', '回答点赞数', '2');
INSERT INTO `job_type_result_query_field` VALUES ('427', '13', 'badTips', '回答反对数', '2');
INSERT INTO `job_type_result_query_field` VALUES ('428', '13', 'ccomment', '回答的回复', '2');
INSERT INTO `job_type_result_query_field` VALUES ('429', '13', 'ulevel', '问答人等级', '2');
INSERT INTO `job_type_result_query_field` VALUES ('430', '13', 'rtimes', '回答的评论数', '2');
INSERT INTO `job_type_result_query_field` VALUES ('431', '13', 'commentid', '评论唯一标示', '2');
INSERT INTO `job_type_result_query_field` VALUES ('432', '13', 'levelNum', '回答楼层', '2');
INSERT INTO `job_type_result_query_field` VALUES ('433', '4', 'forwardtimes', '转发数', '2');
INSERT INTO `job_type_result_query_field` VALUES ('434', '4', 'replytimes', '评论数', '2');
INSERT INTO `job_type_result_query_field` VALUES ('435', '4', 'praises', '赞数', '2');
INSERT INTO `job_type_result_query_field` VALUES ('436', '4', 'location', '地理位置', '2');
INSERT INTO `job_type_result_query_field` VALUES ('437', '4', 'srclocation', '源微博地理位置', '2');
INSERT INTO `job_type_result_query_field` VALUES ('438', '4', 'srcsource', '源微博来源', '2');
INSERT INTO `job_type_result_query_field` VALUES ('439', '4', 'source', '微博来源', '2');
INSERT INTO `job_type_result_query_field` VALUES ('440', '4', 'crawladdress', '抓取地址', '2');
INSERT INTO `job_type_result_query_field` VALUES ('441', '4', 'crawlword', '关键词', '2');
INSERT INTO `job_type_result_query_field` VALUES ('442', '5', 'datetime', '评论时间', '2');
INSERT INTO `job_type_result_query_field` VALUES ('443', '5', 'reply', '评论的回复', '2');
INSERT INTO `job_type_result_query_field` VALUES ('444', '5', 'userverify', '评论人用户认证', '2');
INSERT INTO `job_type_result_query_field` VALUES ('445', '5', 'userurl', '评论人主页', '2');
INSERT INTO `job_type_result_query_field` VALUES ('446', '6', 'userLevel', '用户等级', '2');
INSERT INTO `job_type_result_query_field` VALUES ('447', '6', 'userArea', '用户地区', '2');
INSERT INTO `job_type_result_query_field` VALUES ('448', '7', 'weiboNum', '微博数', '2');
INSERT INTO `job_type_result_query_field` VALUES ('449', '7', 'userverify', '认证类型', '2');
INSERT INTO `job_type_result_query_field` VALUES ('450', '7', 'title', '头衔', '2');
INSERT INTO `job_type_result_query_field` VALUES ('451', '7', 'education', '教育', '2');
INSERT INTO `job_type_result_query_field` VALUES ('452', '7', 'job', '工作', '2');
INSERT INTO `job_type_result_query_field` VALUES ('453', '7', 'birthday', '生日', '2');
INSERT INTO `job_type_result_query_field` VALUES ('454', '7', 'tags', '标签', '2');
INSERT INTO `job_type_result_query_field` VALUES ('455', '7', 'registration', '注册日期', '2');
INSERT INTO `job_type_result_query_field` VALUES ('456', '7', 'userArea', '用户地区', '2');
INSERT INTO `job_type_result_query_field` VALUES ('457', '8', 'authorId', '微信号', '2');
INSERT INTO `job_type_result_query_field` VALUES ('458', '11', 'follow', '关注车型', '2');
INSERT INTO `job_type_result_query_field` VALUES ('459', '11', 'owner', '认证车型', '2');
INSERT INTO `job_type_result_query_field` VALUES ('460', '11', 'uid', '用户id', '2');
INSERT INTO `job_type_result_query_field` VALUES ('461', '14', 'sku', '商品编号', '2');
INSERT INTO `job_type_result_query_field` VALUES ('462', '14', 'title', '商品名称', '2');
INSERT INTO `job_type_result_query_field` VALUES ('463', '14', 'stars', '星级', '2');
INSERT INTO `job_type_result_query_field` VALUES ('464', '14', 'url', '商品链接', '2');
INSERT INTO `job_type_result_query_field` VALUES ('465', '14', 'commentNum', '商品总评数', '2');
INSERT INTO `job_type_result_query_field` VALUES ('466', '14', 'price', '商品原售价', '2');
INSERT INTO `job_type_result_query_field` VALUES ('467', '14', 'imgshow', '商品图片', '2');
INSERT INTO `job_type_result_query_field` VALUES ('468', '14', 'sprice', '商品促销价', '2');
INSERT INTO `job_type_result_query_field` VALUES ('469', '14', 'msalesNum', '月销量', '2');
INSERT INTO `job_type_result_query_field` VALUES ('470', '14', 'type', '规格', '2');
INSERT INTO `job_type_result_query_field` VALUES ('471', '14', 'weight', '重量', '2');
INSERT INTO `job_type_result_query_field` VALUES ('472', '14', 'activities', '促销活动', '2');
INSERT INTO `job_type_result_query_field` VALUES ('473', '14', 'scores', '积分', '2');
INSERT INTO `job_type_result_query_field` VALUES ('474', '14', 'seller', '店铺名称', '2');
INSERT INTO `job_type_result_query_field` VALUES ('475', '14', 'sellerid', '店铺id', '2');
INSERT INTO `job_type_result_query_field` VALUES ('476', '14', 'sellerUrl', '店铺地址', '2');
INSERT INTO `job_type_result_query_field` VALUES ('477', '14', 'isSelfEmployed', '是否自营', '2');
INSERT INTO `job_type_result_query_field` VALUES ('478', '14', 'brand', '品牌', '2');
INSERT INTO `job_type_result_query_field` VALUES ('479', '15', 'sku', '商品编号', '2');
INSERT INTO `job_type_result_query_field` VALUES ('480', '15', 'title', '商品名称', '2');
INSERT INTO `job_type_result_query_field` VALUES ('481', '15', 'url', '商品链接', '2');
INSERT INTO `job_type_result_query_field` VALUES ('482', '15', 'comments', '购买者评论内容', '2');
INSERT INTO `job_type_result_query_field` VALUES ('483', '15', 'stars', '评论者星级', '2');
INSERT INTO `job_type_result_query_field` VALUES ('484', '15', 'imgshow', '评论者晒图', '2');
INSERT INTO `job_type_result_query_field` VALUES ('485', '15', 'datetime', '评论日期', '2');
INSERT INTO `job_type_result_query_field` VALUES ('486', '15', 'reply', '店家回复', '2');
INSERT INTO `job_type_result_query_field` VALUES ('487', '15', 'replytime', '店家回复日期', '2');
INSERT INTO `job_type_result_query_field` VALUES ('488', '15', 'nextcomment', '追加评论', '2');
INSERT INTO `job_type_result_query_field` VALUES ('489', '15', 'nextcommenttime', '追加评论日期', '2');
INSERT INTO `job_type_result_query_field` VALUES ('490', '15', 'uname', '评论人昵称', '2');
INSERT INTO `job_type_result_query_field` VALUES ('491', '15', 'isanonymous', '是否匿名', '2');
INSERT INTO `job_type_result_query_field` VALUES ('492', '15', 'pic', '评论人头像', '2');
INSERT INTO `job_type_result_query_field` VALUES ('493', '15', 'ulevel', '评论人等级', '2');
INSERT INTO `job_type_result_query_field` VALUES ('494', '15', 'type', '评论人购买的商品规格', '2');
INSERT INTO `job_type_result_query_field` VALUES ('495', '15', 'likeNum', '评论内容的赞数', '2');
INSERT INTO `job_type_result_query_field` VALUES ('496', '15', 'commentNum', '评论内容的评论数', '2');
INSERT INTO `job_type_result_query_field` VALUES ('497', '15', 'viewtimes', '评论内容的阅读数', '2');
INSERT INTO `job_type_result_query_field` VALUES ('498', '15', 'area', '评论人来自区域', '2');
INSERT INTO `job_type_result_query_field` VALUES ('499', '15', 'creditScore', '买家信用积分', '2');
INSERT INTO `job_type_result_query_field` VALUES ('500', '15', 'bdatetime', '购买时间', '2');
INSERT INTO `job_type_result_query_field` VALUES ('501', '16', 'sku', '商品编号', '2');
INSERT INTO `job_type_result_query_field` VALUES ('502', '16', 'title', '商品名称', '2');
INSERT INTO `job_type_result_query_field` VALUES ('503', '16', 'url', '商品链接', '2');
INSERT INTO `job_type_result_query_field` VALUES ('504', '16', 'stars', '星级', '2');
INSERT INTO `job_type_result_query_field` VALUES ('505', '16', 'prate', '好评度', '2');
INSERT INTO `job_type_result_query_field` VALUES ('506', '16', 'tags', '评论标签', '2');
INSERT INTO `job_type_result_query_field` VALUES ('507', '16', 'commentNum', '总评数量', '2');
INSERT INTO `job_type_result_query_field` VALUES ('508', '16', 'nextCum', '追评数量', '2');
INSERT INTO `job_type_result_query_field` VALUES ('509', '16', 'picNum', '晒图数量', '2');
INSERT INTO `job_type_result_query_field` VALUES ('510', '16', 'positiveNum', '好评数量', '2');
INSERT INTO `job_type_result_query_field` VALUES ('511', '16', 'moderateNum', '中评数量', '2');
INSERT INTO `job_type_result_query_field` VALUES ('512', '16', 'negativeNum', '差评数量', '2');
INSERT INTO `job_type_result_query_field` VALUES ('513', '12', 'datetime', '提问时间(第一人)', '2');


INSERT INTO `status` VALUES ('1', '月报', '2017-05-16 11:03:48', '2017-05-16 11:03:48', '0');
INSERT INTO `status` VALUES ('2', '周报', '2017-05-16 11:03:48', '2017-05-16 11:03:48', '0');
INSERT INTO `status` VALUES ('3', '日报', '2017-05-16 11:03:48', '2017-05-16 11:03:48', '0');
INSERT INTO `status` VALUES ('4', '临时项目', '2017-05-16 11:03:48', '2017-05-16 11:03:48', '0');

INSERT INTO `customer` (`id`, `name`, `create_time`, `lastmodify_time`, `isdelete`) VALUES ('1', '创行科技', '0000-00-00 00:00:00', '0000-00-00 00:00:00', '0');


INSERT INTO `user` VALUES ('1', 'admin', '*B292F41FD74F0E68CFC080697A87E3A89167249D', 'summer', '2017-05-16 11:03:48', '2017-05-16 11:03:48', '0');
INSERT INTO `user` VALUES ('2', 'sunny', '*B292F41FD74F0E68CFC080697A87E3A89167249D', 'sunny', '2017-04-25 17:59:48', '2017-04-25 17:59:48', '0');
