--style表添加
INSERT INTO `style`(`id`, `style_code`, `style_name`, `style_path`, `create_time`, `lastmodify_time`) VALUES ('1', 'select', '下拉栏', NULL, '2018-01-04 13:54:16', '2018-01-04 13:54:18');
INSERT INTO `style` (`id`, `style_code`, `style_name`, `style_path`, `create_time`, `lastmodify_time`) VALUES ('2', 'input', '文本框', NULL, '2018-01-04 13:54:40', '2018-01-04 13:54:46');
INSERT INTO `style` (`id`, `style_code`, `style_name`, `style_path`, `create_time`, `lastmodify_time`) VALUES ('3', 'fileInputTable', '文件上传', NULL, '2018-01-04 13:56:54', '2018-01-04 13:56:57');
INSERT INTO `style` (`id`, `style_code`, `style_name`, `style_path`, `create_time`, `lastmodify_time`) VALUES ('4', 'checkbox', '多选框', NULL, '2018-01-04 13:58:19', '2018-01-04 13:58:21');
INSERT INTO `style` (`id`, `style_code`, `style_name`, `style_path`, `create_time`, `lastmodify_time`) VALUES ('5', 'radiobox', '单选框', NULL, '2018-01-04 16:21:01', '2018-01-04 16:21:03');
INSERT INTO `style` (`id`, `style_code`, `style_name`, `style_path`, `create_time`, `lastmodify_time`) VALUES ('6', 'page', '分页器', NULL, '2018-01-04 17:23:55', '2018-01-04 17:23:57');
INSERT INTO `style` (`id`, `style_code`, `style_name`, `style_path`, `create_time`, `lastmodify_time`) VALUES ('7', 'other', '其他', NULL, '2018-01-05 09:57:27', '2018-01-05 09:57:29');


--work_flow_input_param表添加
INSERT INTO `work_flow_input_param` (`id`, `type_no`, `param_cn_name`, `param_en_name`, `prompt`, `style_id`, `restrictions`, `is_required`, `control_prop`, `create_time`, `lastmodify_time`, `request_url`, `filed_mapping`, `param_type`, `is_show`, `next_param_id`, `pre_param_id`, `order_num`) VALUES ('1', 'dataImport', '节点名称', 'nodeName', NULL, '2', NULL, '1', NULL, '2018-01-04 14:18:09', '2018-01-04 14:18:11', NULL, NULL, 'text', '1', '', NULL, '1');
INSERT INTO `work_flow_input_param` (`id`, `type_no`, `param_cn_name`, `param_en_name`, `prompt`, `style_id`, `restrictions`, `is_required`, `control_prop`, `create_time`, `lastmodify_time`, `request_url`, `filed_mapping`, `param_type`, `is_show`, `next_param_id`, `pre_param_id`, `order_num`) VALUES ('2', 'dataImport', '数据源', 'typeId', NULL, '1', NULL, NULL, NULL, '2018-01-04 14:20:07', '2018-01-04 14:20:10', '/dataSource/getDateSourceTypeList.json', '{\"id\":\"datasourceId\",\"value\":\"datasourceName\"}', 'int', '1', '3', NULL, '2');
INSERT INTO `work_flow_input_param` (`id`, `type_no`, `param_cn_name`, `param_en_name`, `prompt`, `style_id`, `restrictions`, `is_required`, `control_prop`, `create_time`, `lastmodify_time`, `request_url`, `filed_mapping`, `param_type`, `is_show`, `next_param_id`, `pre_param_id`, `order_num`) VALUES ('3', 'dataImport', '数据源类型', 'typeName', NULL, '1', NULL, NULL, NULL, '2018-01-04 14:22:51', '2018-01-04 14:22:54', '/dataSource/getDataSourceTypeByDataSourceId.json?datasourceId=', '{\"id\":\"datasourceTypeId\",\"value\":\"datasourceTypeName\"}', 'int', '1', '', '2', '3');
INSERT INTO `work_flow_input_param` (`id`, `type_no`, `param_cn_name`, `param_en_name`, `prompt`, `style_id`, `restrictions`, `is_required`, `control_prop`, `create_time`, `lastmodify_time`, `request_url`, `filed_mapping`, `param_type`, `is_show`, `next_param_id`, `pre_param_id`, `order_num`) VALUES ('4', 'dataImport', '字段映射', 'origainRelation', NULL, NULL, NULL, NULL, NULL, '2018-01-04 14:25:21', '2018-01-04 14:25:23', '', '', 'jsonArray', '0', '', NULL, '5');
INSERT INTO `work_flow_input_param` (`id`, `type_no`, `param_cn_name`, `param_en_name`, `prompt`, `style_id`, `restrictions`, `is_required`, `control_prop`, `create_time`, `lastmodify_time`, `request_url`, `filed_mapping`, `param_type`, `is_show`, `next_param_id`, `pre_param_id`, `order_num`) VALUES ('5', 'dataCrawl', '节点名称', 'nodeName', NULL, '2', NULL, '1', NULL, '2018-01-04 14:28:38', '2018-01-04 14:28:40', NULL, NULL, 'text', '1', '', NULL, '6');
INSERT INTO `work_flow_input_param` (`id`, `type_no`, `param_cn_name`, `param_en_name`, `prompt`, `style_id`, `restrictions`, `is_required`, `control_prop`, `create_time`, `lastmodify_time`, `request_url`, `filed_mapping`, `param_type`, `is_show`, `next_param_id`, `pre_param_id`, `order_num`) VALUES ('6', 'dataCrawl', '数据源', 'datasourceId', NULL, '1', NULL, NULL, NULL, '2018-01-04 14:29:08', '2018-01-04 14:29:11', '/dataSource/getDateSourceListByCrawlType.json?key=', '{\"id\":\"datasourceId\",\"value\":\"datasourceName\"}', 'int', '1', '7', '8', '8');
INSERT INTO `work_flow_input_param` (`id`, `type_no`, `param_cn_name`, `param_en_name`, `prompt`, `style_id`, `restrictions`, `is_required`, `control_prop`, `create_time`, `lastmodify_time`, `request_url`, `filed_mapping`, `param_type`, `is_show`, `next_param_id`, `pre_param_id`, `order_num`) VALUES ('7', 'dataCrawl', '数据源类型', 'datasourceTypeId', NULL, '1', NULL, NULL, NULL, '2018-01-04 14:29:55', '2018-01-04 14:29:57', '/dataSource/getDataSourceTypeByDataSourceId.json?key=&datasourceId=', '{\"id\":\"datasourceTypeId\",\"value\":\"datasourceTypeName\"}', 'int', '1', '', '6', '9');
INSERT INTO `work_flow_input_param` (`id`, `type_no`, `param_cn_name`, `param_en_name`, `prompt`, `style_id`, `restrictions`, `is_required`, `control_prop`, `create_time`, `lastmodify_time`, `request_url`, `filed_mapping`, `param_type`, `is_show`, `next_param_id`, `pre_param_id`, `order_num`) VALUES ('8', 'dataCrawl', '抓取类型', 'crawlType', NULL, '1', NULL, NULL, NULL, '2018-01-04 14:32:49', '2018-01-04 14:32:50', '/dataCrawl/getCrawlTypeList.json', '{\"id\":\"key\",\"value\":\"value\"}', 'int', '1', '6,7', NULL, '7');
INSERT INTO `work_flow_input_param` (`id`, `type_no`, `param_cn_name`, `param_en_name`, `prompt`, `style_id`, `restrictions`, `is_required`, `control_prop`, `create_time`, `lastmodify_time`, `request_url`, `filed_mapping`, `param_type`, `is_show`, `next_param_id`, `pre_param_id`, `order_num`) VALUES ('9', 'dataCrawl', '数据源类型输入参数', 'inputParamArray', '', '7', NULL, '0', NULL, '2018-01-04 14:35:41', '2018-01-04 14:35:42', '/dataCrawl/getCrawlInputParamList.json', '', 'jsonArray', '1', '', NULL, '10');
INSERT INTO `work_flow_input_param` (`id`, `type_no`, `param_cn_name`, `param_en_name`, `prompt`, `style_id`, `restrictions`, `is_required`, `control_prop`, `create_time`, `lastmodify_time`, `request_url`, `filed_mapping`, `param_type`, `is_show`, `next_param_id`, `pre_param_id`, `order_num`) VALUES ('12', 'dataCrawl', '抓取频次', 'crawlFreq', NULL, '1', NULL, NULL, '', '2018-01-04 14:39:34', '2018-01-04 14:39:37', NULL, NULL, 'int', '1', '', NULL, '13');
INSERT INTO `work_flow_input_param` (`id`, `type_no`, `param_cn_name`, `param_en_name`, `prompt`, `style_id`, `restrictions`, `is_required`, `control_prop`, `create_time`, `lastmodify_time`, `request_url`, `filed_mapping`, `param_type`, `is_show`, `next_param_id`, `pre_param_id`, `order_num`) VALUES ('13', 'dataImport', '选择文件', 'url', NULL, '3', NULL, NULL, NULL, '2018-01-04 15:15:57', '2018-01-04 15:15:59', '/importData/uploadFile.json', NULL, 'text', '1', '', NULL, '4');
INSERT INTO `work_flow_input_param` (`id`, `type_no`, `param_cn_name`, `param_en_name`, `prompt`, `style_id`, `restrictions`, `is_required`, `control_prop`, `create_time`, `lastmodify_time`, `request_url`, `filed_mapping`, `param_type`, `is_show`, `next_param_id`, `pre_param_id`, `order_num`) VALUES ('15', 'dataImport', '映射表', 'storageTypeTable', NULL, NULL, NULL, NULL, NULL, '2018-01-04 15:33:06', '2018-01-04 15:33:11', NULL, NULL, 'text', '0', '', NULL, '40');
INSERT INTO `work_flow_input_param` (`id`, `type_no`, `param_cn_name`, `param_en_name`, `prompt`, `style_id`, `restrictions`, `is_required`, `control_prop`, `create_time`, `lastmodify_time`, `request_url`, `filed_mapping`, `param_type`, `is_show`, `next_param_id`, `pre_param_id`, `order_num`) VALUES ('16', 'dataCrawl', '上下节点映射', 'mappingJson', NULL, NULL, NULL, NULL, NULL, '2018-01-04 15:57:21', '2018-01-04 15:57:23', '/dataSource/getDataSourceTypeRelation.json?datasourceTypeId=,/dataCrawl/getCrawlInputParamList.json?datasourceTypeId=', NULL, NULL, '0', '', NULL, '14');
INSERT INTO `work_flow_input_param` (`id`, `type_no`, `param_cn_name`, `param_en_name`, `prompt`, `style_id`, `restrictions`, `is_required`, `control_prop`, `create_time`, `lastmodify_time`, `request_url`, `filed_mapping`, `param_type`, `is_show`, `next_param_id`, `pre_param_id`, `order_num`) VALUES ('17', 'semanticAnalysisObject', '节点名称', 'nodeName', NULL, '2', NULL, '1', NULL, '2018-01-04 16:16:48', '2018-01-04 16:16:50', NULL, NULL, 'text', '1', '', NULL, '15');
INSERT INTO `work_flow_input_param` (`id`, `type_no`, `param_cn_name`, `param_en_name`, `prompt`, `style_id`, `restrictions`, `is_required`, `control_prop`, `create_time`, `lastmodify_time`, `request_url`, `filed_mapping`, `param_type`, `is_show`, `next_param_id`, `pre_param_id`, `order_num`) VALUES ('18', 'semanticAnalysisObject', '分析对象', 'analysisObject', NULL, '7', NULL, NULL, NULL, '2018-01-05 09:30:33', '2018-01-05 09:44:37', '/visWorkFlow/getObjectByTypeNoAndDataSourceId.json', '{\"id\":\"contentType\",\"value\":\"contentTypeName\"}', 'jsonArray', '1', '', NULL, '16');
INSERT INTO `work_flow_input_param` (`id`, `type_no`, `param_cn_name`, `param_en_name`, `prompt`, `style_id`, `restrictions`, `is_required`, `control_prop`, `create_time`, `lastmodify_time`, `request_url`, `filed_mapping`, `param_type`, `is_show`, `next_param_id`, `pre_param_id`, `order_num`) VALUES ('19', 'semanticAnalysisObject', '分析层级', 'analysisLevel', NULL, '1', NULL, NULL, NULL, '2018-01-05 09:30:29', '2018-01-05 09:30:26', '/semanticAnalysisObject/getAnalysisLevel.json', '{\"id\":\"key\",\"value\":\"value\"}', 'int', '1', '', NULL, '17');
INSERT INTO `work_flow_input_param` (`id`, `type_no`, `param_cn_name`, `param_en_name`, `prompt`, `style_id`, `restrictions`, `is_required`, `control_prop`, `create_time`, `lastmodify_time`, `request_url`, `filed_mapping`, `param_type`, `is_show`, `next_param_id`, `pre_param_id`, `order_num`) VALUES ('20', 'wordSegmentation', '节点名称', 'nodeName', NULL, '2', NULL, '1', NULL, '2018-01-05 10:30:06', '2018-01-05 10:30:08', NULL, NULL, 'text', '1', '', NULL, '18');
INSERT INTO `work_flow_input_param` (`id`, `type_no`, `param_cn_name`, `param_en_name`, `prompt`, `style_id`, `restrictions`, `is_required`, `control_prop`, `create_time`, `lastmodify_time`, `request_url`, `filed_mapping`, `param_type`, `is_show`, `next_param_id`, `pre_param_id`, `order_num`) VALUES ('21', 'wordSegmentation', '分词对象', 'wordSegmentationObject', NULL, '1', NULL, NULL, NULL, '2018-01-05 11:05:40', '2018-01-05 11:05:42', '/visWorkFlow/getObjectByTypeNoAndDataSourceId.json', '{\"id\":\"filed_en_name\",\"value\":\"filed_cn_name\"}', 'text', '1', '', NULL, '19');
INSERT INTO `work_flow_input_param` (`id`, `type_no`, `param_cn_name`, `param_en_name`, `prompt`, `style_id`, `restrictions`, `is_required`, `control_prop`, `create_time`, `lastmodify_time`, `request_url`, `filed_mapping`, `param_type`, `is_show`, `next_param_id`, `pre_param_id`, `order_num`) VALUES ('22', 'wordSegmentation', '已选词库', 'wordLibraryList', '', '7', NULL, NULL, NULL, '2018-01-05 11:16:08', '2018-01-05 11:16:10', '/wordSegmentation/getWordLibraryList.json', '{\"id\":\"name\",\"value\":\"name\"}', 'jsonArray', '1', '', NULL, '20');
INSERT INTO `work_flow_input_param` (`id`, `type_no`, `param_cn_name`, `param_en_name`, `prompt`, `style_id`, `restrictions`, `is_required`, `control_prop`, `create_time`, `lastmodify_time`, `request_url`, `filed_mapping`, `param_type`, `is_show`, `next_param_id`, `pre_param_id`, `order_num`) VALUES ('23', 'themeAnalysisSetting', '节点名称', 'nodeName', NULL, '2', NULL, '1', NULL, '2018-01-05 11:40:04', '2018-01-05 11:40:06', NULL, NULL, 'text', '1', '', NULL, '21');
INSERT INTO `work_flow_input_param` (`id`, `type_no`, `param_cn_name`, `param_en_name`, `prompt`, `style_id`, `restrictions`, `is_required`, `control_prop`, `create_time`, `lastmodify_time`, `request_url`, `filed_mapping`, `param_type`, `is_show`, `next_param_id`, `pre_param_id`, `order_num`) VALUES ('24', 'themeAnalysisSetting', '主题对象', 'themeAnalysisSettingObject', NULL, '1', NULL, NULL, NULL, '2018-01-05 11:41:11', '2018-01-05 11:41:13', '/visWorkFlow/getObjectByTypeNoAndDataSourceId.json', '{\"id\":\"filed_en_name\",\"value\":\"filed_cn_name\"}', 'text', '1', '', NULL, '22');
INSERT INTO `work_flow_input_param` (`id`, `type_no`, `param_cn_name`, `param_en_name`, `prompt`, `style_id`, `restrictions`, `is_required`, `control_prop`, `create_time`, `lastmodify_time`, `request_url`, `filed_mapping`, `param_type`, `is_show`, `next_param_id`, `pre_param_id`, `order_num`) VALUES ('25', 'themeAnalysisSetting', '主题域', 'subjectAresName', NULL, '7', NULL, NULL, NULL, '2018-01-05 11:54:45', '2018-01-05 11:54:48', '', '{\"id\":\"id\",\"value\":\"name\"}', 'int', '1', '', NULL, '23');
INSERT INTO `work_flow_input_param` (`id`, `type_no`, `param_cn_name`, `param_en_name`, `prompt`, `style_id`, `restrictions`, `is_required`, `control_prop`, `create_time`, `lastmodify_time`, `request_url`, `filed_mapping`, `param_type`, `is_show`, `next_param_id`, `pre_param_id`, `order_num`) VALUES ('26', 'themeAnalysisSetting', '主题', 'subjectNames', NULL, '7', NULL, NULL, NULL, '2018-01-05 13:56:18', '2018-01-05 13:56:20', '/subjectSet/getSubject.json', '{\"id\":\"id\",\"value\":\"name\"}', 'text', '1', '', '', '24');
INSERT INTO `work_flow_input_param` (`id`, `type_no`, `param_cn_name`, `param_en_name`, `prompt`, `style_id`, `restrictions`, `is_required`, `control_prop`, `create_time`, `lastmodify_time`, `request_url`, `filed_mapping`, `param_type`, `is_show`, `next_param_id`, `pre_param_id`, `order_num`) VALUES ('27', 'themeAnalysisSetting', '结果策略', 'resultsStrategyType', NULL, '5', NULL, NULL, NULL, '2018-01-05 14:03:02', '2018-01-05 14:03:04', NULL, NULL, 'int', '1', '', NULL, '25');
INSERT INTO `work_flow_input_param` (`id`, `type_no`, `param_cn_name`, `param_en_name`, `prompt`, `style_id`, `restrictions`, `is_required`, `control_prop`, `create_time`, `lastmodify_time`, `request_url`, `filed_mapping`, `param_type`, `is_show`, `next_param_id`, `pre_param_id`, `order_num`) VALUES ('28', 'topicAnalysisDefinition', '节点名称', 'nodeName', NULL, '2', NULL, '1', NULL, '2018-01-05 14:05:44', '2018-01-05 14:05:50', NULL, NULL, 'text', '1', '', NULL, '26');
INSERT INTO `work_flow_input_param` (`id`, `type_no`, `param_cn_name`, `param_en_name`, `prompt`, `style_id`, `restrictions`, `is_required`, `control_prop`, `create_time`, `lastmodify_time`, `request_url`, `filed_mapping`, `param_type`, `is_show`, `next_param_id`, `pre_param_id`, `order_num`) VALUES ('29', 'topicAnalysisDefinition', '话题对象', 'topicAnalysisDefinitionObject', NULL, '1', NULL, NULL, NULL, '2018-01-05 14:13:40', '2018-01-05 14:13:42', '/visWorkFlow/getObjectByTypeNoAndDataSourceId.json', '{\"id\":\"filed_en_name\",\"value\":\"filed_cn_name\"}', 'text', '1', '', NULL, '27');
INSERT INTO `work_flow_input_param` (`id`, `type_no`, `param_cn_name`, `param_en_name`, `prompt`, `style_id`, `restrictions`, `is_required`, `control_prop`, `create_time`, `lastmodify_time`, `request_url`, `filed_mapping`, `param_type`, `is_show`, `next_param_id`, `pre_param_id`, `order_num`) VALUES ('30', 'topicAnalysisDefinition', '抓取频次', 'startFreqTypeName', NULL, '1', NULL, NULL, NULL, '2018-01-05 14:15:41', '2018-01-05 14:15:43', NULL, NULL, 'int', '1', '', NULL, '28');
INSERT INTO `work_flow_input_param` (`id`, `type_no`, `param_cn_name`, `param_en_name`, `prompt`, `style_id`, `restrictions`, `is_required`, `control_prop`, `create_time`, `lastmodify_time`, `request_url`, `filed_mapping`, `param_type`, `is_show`, `next_param_id`, `pre_param_id`, `order_num`) VALUES ('31', 'dataOutput', 'API形式', 'apiType', NULL, '5', NULL, NULL, NULL, '2018-01-05 14:18:22', '2018-01-05 14:18:24', '', NULL, 'text', '1', '', NULL, '30');
INSERT INTO `work_flow_input_param` (`id`, `type_no`, `param_cn_name`, `param_en_name`, `prompt`, `style_id`, `restrictions`, `is_required`, `control_prop`, `create_time`, `lastmodify_time`, `request_url`, `filed_mapping`, `param_type`, `is_show`, `next_param_id`, `pre_param_id`, `order_num`) VALUES ('32', 'dataOutput', '节点名称', 'nodeName', NULL, '2', NULL, '1', NULL, '2018-01-05 14:23:46', '2018-01-05 14:23:49', NULL, NULL, 'text', '1', '', NULL, '29');
INSERT INTO `work_flow_input_param` (`id`, `type_no`, `param_cn_name`, `param_en_name`, `prompt`, `style_id`, `restrictions`, `is_required`, `control_prop`, `create_time`, `lastmodify_time`, `request_url`, `filed_mapping`, `param_type`, `is_show`, `next_param_id`, `pre_param_id`, `order_num`) VALUES ('33', 'dataOutput', 'PUSH频率', 'PushFrequency', NULL, '7', NULL, NULL, NULL, '2018-01-05 14:30:28', '2018-01-05 14:30:30', NULL, NULL, 'text', '1', '', NULL, '31');
INSERT INTO `work_flow_input_param` (`id`, `type_no`, `param_cn_name`, `param_en_name`, `prompt`, `style_id`, `restrictions`, `is_required`, `control_prop`, `create_time`, `lastmodify_time`, `request_url`, `filed_mapping`, `param_type`, `is_show`, `next_param_id`, `pre_param_id`, `order_num`) VALUES ('37', 'dataOutput', '选择字段', 'field', '', '4', NULL, NULL, NULL, '2018-01-05 14:53:19', '2018-01-05 14:53:21', '/visWorkFlow/getObjectByTypeNoAndDataSourceId.json', '{\"id\":\"filed_en_name\",\"value\":\"filed_cn_name\"}', 'text', '1', '', NULL, '35');


--param表添加
INSERT INTO  `param` (`key`, `value`, `type`) VALUES ('pcCrawl', 'pc抓取', 'crawlType');
INSERT INTO  `param` (`key`, `value`, `type`) VALUES ('mCrawl', '移动抓取', 'crawlType');
INSERT INTO  `param` (`key`, `value`, `type`) VALUES ('sentence', '句级', 'analysisLevel');
INSERT INTO  `param` (`key`, `value`, `type`) VALUES ('section', '段级', 'analysisLevel');
INSERT INTO  `param` (`key`, `value`, `type`) VALUES ('article', '文级', 'analysisLevel');
INSERT INTO  `param` (`key`, `value`, `type`) VALUES ('json', 'json', 'apiType');
INSERT INTO  `param` (`key`, `value`, `type`) VALUES ('xml', 'xml', 'apiType');
INSERT INTO  `param` (`key`, `value`, `type`) VALUES ('PUSH', 'PUSH', 'apiWay');
INSERT INTO  `param` (`key`, `value`, `type`) VALUES ('GET', 'GET', 'apiWay');

--menu表添加
INSERT INTO `menu` (`id`, `name`, `url`, `pid`) VALUES ('7', '可视化工作流', '', '0');
INSERT INTO `menu` (`id`, `name`, `url`, `pid`) VALUES ('8', '可视化工作流列表', '/project/projectListPage.html?type=vis', '7');
INSERT INTO `menu` (`id`, `name`, `url`, `pid`) VALUES ('9', '模板列表', '/workFlowTemplate/toWorkFlowTemplateList.html', '7');

--role表更新
UPDATE `role` SET `id`='1', `name`='用户', `menu_ids`='1,2,5,6,7,8,9' WHERE (`id`='1');
UPDATE `role` SET `id`='2', `name`='管理', `menu_ids`='3,4' WHERE (`id`='2');

--job_type_category添加
INSERT INTO `job_type_category` (`id`, `name`, `created_by`, `created_time`) VALUES ('1', '输入', 'summer', '2017-12-27 15:34:38');
INSERT INTO `job_type_category` (`id`, `name`, `created_by`, `created_time`) VALUES ('2', '分析', 'summer', '2017-12-27 15:34:39');
INSERT INTO `job_type_category` (`id`, `name`, `created_by`, `created_time`) VALUES ('3', '输出', 'summer', '2017-12-27 15:35:26');

--work_flow_input_param_relation添加
INSERT INTO `work_flow_input_param_relation` (`id`, `type_no`, `input_param_id`, `relation_type`, `create_time`, `lastmodify_time`) VALUES ('1', 'semanticAnalysisObject', '18', 'rely', '2018-02-02 10:31:53', '2018-02-02 10:31:56');
INSERT INTO `work_flow_input_param_relation` (`id`, `type_no`, `input_param_id`, `relation_type`, `create_time`, `lastmodify_time`) VALUES ('2', 'wordSegmentation', '21', 'rely', '2018-02-02 10:32:58', '2018-02-02 10:33:00');
INSERT INTO `work_flow_input_param_relation` (`id`, `type_no`, `input_param_id`, `relation_type`, `create_time`, `lastmodify_time`) VALUES ('3', 'themeAnalysisSetting', '24', 'rely', '2018-02-02 10:33:27', '2018-02-02 10:33:28');
INSERT INTO `work_flow_input_param_relation` (`id`, `type_no`, `input_param_id`, `relation_type`, `create_time`, `lastmodify_time`) VALUES ('4', 'topicAnalysisDefinition', '29', 'rely', '2018-02-02 10:33:56', '2018-02-02 10:33:58');
INSERT INTO `work_flow_input_param_relation` (`id`, `type_no`, `input_param_id`, `relation_type`, `create_time`, `lastmodify_time`) VALUES ('6', 'dataImport', '1', 'notNull', '2018-02-02 16:04:30', '2018-02-02 16:04:33');
INSERT INTO `work_flow_input_param_relation` (`id`, `type_no`, `input_param_id`, `relation_type`, `create_time`, `lastmodify_time`) VALUES ('7', 'dataImport', '2', 'notNull', NULL, NULL);
INSERT INTO `work_flow_input_param_relation` (`id`, `type_no`, `input_param_id`, `relation_type`, `create_time`, `lastmodify_time`) VALUES ('8', 'dataImport', '3', 'notNull', NULL, NULL);
INSERT INTO `work_flow_input_param_relation` (`id`, `type_no`, `input_param_id`, `relation_type`, `create_time`, `lastmodify_time`) VALUES ('9', 'dataImport', '4', 'notNull', NULL, NULL);
INSERT INTO `work_flow_input_param_relation` (`id`, `type_no`, `input_param_id`, `relation_type`, `create_time`, `lastmodify_time`) VALUES ('10', 'dataImport', '13', 'notNull', NULL, NULL);
INSERT INTO `work_flow_input_param_relation` (`id`, `type_no`, `input_param_id`, `relation_type`, `create_time`, `lastmodify_time`) VALUES ('11', 'dataImport', '15', 'notNull', NULL, NULL);
INSERT INTO `work_flow_input_param_relation` (`id`, `type_no`, `input_param_id`, `relation_type`, `create_time`, `lastmodify_time`) VALUES ('12', 'dataCrawl', '5', 'notNull', NULL, NULL);
INSERT INTO `work_flow_input_param_relation` (`id`, `type_no`, `input_param_id`, `relation_type`, `create_time`, `lastmodify_time`) VALUES ('13', 'dataCrawl', '6', 'notNull', NULL, NULL);
INSERT INTO `work_flow_input_param_relation` (`id`, `type_no`, `input_param_id`, `relation_type`, `create_time`, `lastmodify_time`) VALUES ('14', 'dataCrawl', '7', 'notNull', NULL, NULL);
INSERT INTO `work_flow_input_param_relation` (`id`, `type_no`, `input_param_id`, `relation_type`, `create_time`, `lastmodify_time`) VALUES ('15', 'dataCrawl', '8', 'notNull', NULL, NULL);
INSERT INTO `work_flow_input_param_relation` (`id`, `type_no`, `input_param_id`, `relation_type`, `create_time`, `lastmodify_time`) VALUES ('16', 'dataCrawl', '9', 'notNull', NULL, NULL);
INSERT INTO `work_flow_input_param_relation` (`id`, `type_no`, `input_param_id`, `relation_type`, `create_time`, `lastmodify_time`) VALUES ('18', 'semanticAnalysisObject', '17', 'notNull', NULL, NULL);
INSERT INTO `work_flow_input_param_relation` (`id`, `type_no`, `input_param_id`, `relation_type`, `create_time`, `lastmodify_time`) VALUES ('19', 'semanticAnalysisObject', '18', 'notNull', NULL, NULL);
INSERT INTO `work_flow_input_param_relation` (`id`, `type_no`, `input_param_id`, `relation_type`, `create_time`, `lastmodify_time`) VALUES ('20', 'semanticAnalysisObject', '19', 'notNull', NULL, NULL);
INSERT INTO `work_flow_input_param_relation` (`id`, `type_no`, `input_param_id`, `relation_type`, `create_time`, `lastmodify_time`) VALUES ('21', 'wordSegmentation', '20', 'notNull', NULL, NULL);
INSERT INTO `work_flow_input_param_relation` (`id`, `type_no`, `input_param_id`, `relation_type`, `create_time`, `lastmodify_time`) VALUES ('22', 'wordSegmentation', '21', 'notNull', NULL, NULL);
INSERT INTO `work_flow_input_param_relation` (`id`, `type_no`, `input_param_id`, `relation_type`, `create_time`, `lastmodify_time`) VALUES ('23', 'wordSegmentation', '22', 'notNull', NULL, NULL);
INSERT INTO `work_flow_input_param_relation` (`id`, `type_no`, `input_param_id`, `relation_type`, `create_time`, `lastmodify_time`) VALUES ('24', 'themeAnalysisSetting', '23', 'notNull', NULL, NULL);
INSERT INTO `work_flow_input_param_relation` (`id`, `type_no`, `input_param_id`, `relation_type`, `create_time`, `lastmodify_time`) VALUES ('25', 'themeAnalysisSetting', '24', 'notNull', NULL, NULL);
INSERT INTO `work_flow_input_param_relation` (`id`, `type_no`, `input_param_id`, `relation_type`, `create_time`, `lastmodify_time`) VALUES ('26', 'themeAnalysisSetting', '25', 'notNull', NULL, NULL);
INSERT INTO `work_flow_input_param_relation` (`id`, `type_no`, `input_param_id`, `relation_type`, `create_time`, `lastmodify_time`) VALUES ('27', 'themeAnalysisSetting', '26', 'notNull', NULL, NULL);
INSERT INTO `work_flow_input_param_relation` (`id`, `type_no`, `input_param_id`, `relation_type`, `create_time`, `lastmodify_time`) VALUES ('28', 'themeAnalysisSetting', '27', 'notNull', NULL, NULL);
INSERT INTO `work_flow_input_param_relation` (`id`, `type_no`, `input_param_id`, `relation_type`, `create_time`, `lastmodify_time`) VALUES ('29', 'topicAnalysisDefinition', '28', 'notNull', NULL, NULL);
INSERT INTO `work_flow_input_param_relation` (`id`, `type_no`, `input_param_id`, `relation_type`, `create_time`, `lastmodify_time`) VALUES ('30', 'topicAnalysisDefinition', '29', 'notNull', NULL, NULL);
INSERT INTO `work_flow_input_param_relation` (`id`, `type_no`, `input_param_id`, `relation_type`, `create_time`, `lastmodify_time`) VALUES ('31', 'dataOutput', '31', 'notNull', NULL, NULL);
INSERT INTO `work_flow_input_param_relation` (`id`, `type_no`, `input_param_id`, `relation_type`, `create_time`, `lastmodify_time`) VALUES ('32', 'dataOutput', '32', 'notNull', NULL, NULL);
INSERT INTO `work_flow_input_param_relation` (`id`, `type_no`, `input_param_id`, `relation_type`, `create_time`, `lastmodify_time`) VALUES ('33', 'dataOutput', '33', 'notNull', NULL, NULL);
INSERT INTO `work_flow_input_param_relation` (`id`, `type_no`, `input_param_id`, `relation_type`, `create_time`, `lastmodify_time`) VALUES ('34', 'dataOutput', '37', 'notNull', NULL, NULL);

--job_type_info添加
UPDATE `job_type_info` SET `type_no`='dataCrawl', `type_name`='数据抓取', `type_desc`='', `param_config_url`='/toWorkFlow.html?toModular=dataCrawl', `execute_url`='/crawlTask/executeCrawl.json', `progress_url`='/workFlow/getExecuteStatus.json', `result_url`='/workFlow/getWorkFlowResultParams.json', `type_classify`='1', `job_type`='1', `type_status`='1', `order_number`='2', `created_by`='', `created_time`='2017-04-28 10:10:58', `updated_by`='', `updated_time`='2017-04-28 10:10:58', `job_classify`='1', `input_num`='1', `job_type_category_id`='1', `query_url`=NULL, `img_url`='/project/visWorkFlowIcon/dataCrawl.png', `tip`='<p style=\";text-align:justify;text-justify:inter-ideograph\">\r\n    <strong><span style=\"font-family: 微软雅黑;font-size: 14px\"><span style=\"font-family:微软雅黑\">数据抓取</span></span></strong>\r\n</p>\r\n<p style=\";text-indent:28px;text-align:justify;text-justify:inter-ideograph\">\r\n    <span style=\"font-family: 微软雅黑;font-size: 12px\"><span style=\"font-family:微软雅黑\">用户可通过该节点抓取指点数据源类型的数据，也可实现流程抓取。</span></span>\r\n</p>\r\n<p style=\";text-align:justify;text-justify:inter-ideograph\">\r\n    <strong><span style=\"font-family: 微软雅黑;font-size: 14px\"><span style=\"font-family:微软雅黑\">解决问题类型</span></span></strong>\r\n</p>\r\n<p style=\"text-indent:28px;text-align:justify;text-justify:inter-ideograph\">\r\n    <span style=\"font-family: 微软雅黑;font-size: 12px\"><span style=\"font-family:微软雅黑\">获取</span>PC端\\移动端的数据</span>\r\n</p>\r\n<p style=\";text-align:justify;text-justify:inter-ideograph\">\r\n    <strong><span style=\"font-family: 微软雅黑;font-size: 14px\"><span style=\"font-family:微软雅黑\">流程配置</span></span></strong>\r\n</p>\r\n<p style=\"text-indent:28px;text-align:justify;text-justify:inter-ideograph\">\r\n    <span style=\"font-family: 微软雅黑;font-size: 12px\"><span style=\"font-family:微软雅黑\">前置节点：无</span>\\数据抓取</span>\r\n</p>\r\n<p style=\"text-indent:28px;text-align:justify;text-justify:inter-ideograph\">\r\n    <span style=\"font-family: 微软雅黑;font-size: 12px\"><span style=\"font-family:微软雅黑\">后置节点：可以连接除导入以外的任意可连接的节点</span></span>\r\n</p>\r\n<p style=\";text-align:justify;text-justify:inter-ideograph\">\r\n    <strong><span style=\"font-family: 微软雅黑;font-size: 14px\"><span style=\"font-family:微软雅黑\">注意事项</span></span></strong>\r\n</p>\r\n<p style=\";text-align:justify;text-justify:inter-ideograph\">\r\n    <span style=\"font-family: 微软雅黑;font-size: 12px\">&nbsp;&nbsp;&nbsp;&nbsp;<span style=\"font-family:微软雅黑\">请输入所有的必填参数</span></span>\r\n</p>\r\n<p style=\";text-align:justify;text-justify:inter-ideograph\">\r\n    <strong><span style=\"font-family: 微软雅黑;font-size: 14px\"><span style=\"font-family:微软雅黑\">参数说明</span></span></strong>\r\n</p>\r\n<p style=\"margin-left:28px;text-align:justify;text-justify:inter-ideograph\">\r\n    <span style=\"font-family: 微软雅黑;font-size: 12px\">（1）</span><span style=\"font-family: 微软雅黑;font-size: 12px\"><span style=\"font-family:微软雅黑\">、选择对应的数据源</span>\\数据源类型，可获取对应的结果数据</span>\r\n</p>\r\n<p style=\"margin-left:28px;text-align:justify;text-justify:inter-ideograph\">\r\n    <span style=\"font-family: 微软雅黑;font-size: 12px\">（2）</span><span style=\"font-family: 微软雅黑;font-size: 12px\"><span style=\"font-family:微软雅黑\">、可进行循环抓取的配置</span></span>\r\n</p>\r\n<p style=\"margin-left:28px;text-align:justify;text-justify:inter-ideograph\">\r\n    <span style=\"font-family: 微软雅黑;font-size: 12px\">（3）</span><span style=\"font-family: 微软雅黑;font-size: 12px\"><span style=\"font-family:微软雅黑\">、带星号的为必填参数，请务必输入</span></span>\r\n</p>\r\n<p style=\"margin-left:28px;text-align:justify;text-justify:inter-ideograph\">\r\n    <span style=\"font-family: 微软雅黑;font-size: 12px\">（4）</span><span style=\"font-family: 微软雅黑;font-size: 12px\"><span style=\"font-family:微软雅黑\">、当数据抓取连接数据抓取时，右侧的参数设置会变动</span></span>\r\n</p>\r\n<p style=\";text-align:justify;text-justify:inter-ideograph\">\r\n    <strong><span style=\"font-family: 微软雅黑;font-size: 14px\"><span style=\"font-family:微软雅黑\">输出结果</span></span></strong>\r\n</p>\r\n<p style=\"text-indent:27px;text-align:justify;text-justify:inter-ideograph\">\r\n    <span style=\"font-family: 微软雅黑;font-size: 12px\"><span style=\"font-family:微软雅黑\">按照数据抓取的参数设置抓取对应的结果数据</span></span>\r\n</p>\r\n<p>\r\n    <br/>\r\n</p>' WHERE (`type_no`='dataCrawl');
UPDATE `job_type_info` SET `type_no`='dataImport', `type_name`='数据导入', `type_desc`='', `param_config_url`='/toWorkFlow.html?toModular=dataImport', `execute_url`='/workFlow/executeWorkFlow.json', `progress_url`='/workFlow/getExecuteStatus.json', `result_url`='/workFlow/getWorkFlowResultParams.json', `type_classify`='1', `job_type`='2', `type_status`='1', `order_number`='2', `created_by`='', `created_time`='2017-04-28 10:10:58', `updated_by`='', `updated_time`='2017-04-28 10:10:58', `job_classify`='1', `input_num`=NULL, `job_type_category_id`='1', `query_url`=NULL, `img_url`='/project/visWorkFlowIcon/dataImport.png', `tip`='<p style=\";text-align:justify;text-justify:inter-ideograph\">\r\n    <strong><span style=\"font-family: 微软雅黑;font-size: 14px\"><span style=\"font-family:微软雅黑\">数据导入</span></span></strong>\r\n</p>\r\n<p style=\";text-indent:28px;text-align:justify;text-justify:inter-ideograph\">\r\n    <span style=\"font-family: 微软雅黑;font-size: 12px\"><span style=\"font-family:微软雅黑\">用户可通过该节点上传本地文件系统的可用</span>excel\\csv文件，并可选择对应的数据源\\数据源类型；字段的映射关系匹配，并按照匹配后的字段被导入。</span>\r\n</p>\r\n<p style=\";text-align:justify;text-justify:inter-ideograph\">\r\n    <strong><span style=\"font-family: 微软雅黑;font-size: 14px\"><span style=\"font-family:微软雅黑\">解决问题类型</span></span></strong>\r\n</p>\r\n<p style=\"text-indent:28px;text-align:justify;text-justify:inter-ideograph\">\r\n    <span style=\"font-family: 微软雅黑;font-size: 12px\">Excel的表头和系统中的存储字段表头不统一</span>\r\n</p>\r\n<p style=\";text-align:justify;text-justify:inter-ideograph\">\r\n    <strong><span style=\"font-family: 微软雅黑;font-size: 14px\"><span style=\"font-family:微软雅黑\">流程配置</span></span></strong>\r\n</p>\r\n<p style=\"text-indent:28px;text-align:justify;text-justify:inter-ideograph\">\r\n    <span style=\"font-family: 微软雅黑;font-size: 12px\"><span style=\"font-family:微软雅黑\">前置节点：无</span></span>\r\n</p>\r\n<p style=\"text-indent:28px;text-align:justify;text-justify:inter-ideograph\">\r\n    <span style=\"font-family: 微软雅黑;font-size: 12px\"><span style=\"font-family:微软雅黑\">后置节点：可以连接任意可连接的节点</span></span>\r\n</p>\r\n<p style=\";text-align:justify;text-justify:inter-ideograph\">\r\n    <strong><span style=\"font-family: 微软雅黑;font-size: 14px\"><span style=\"font-family:微软雅黑\">注意事项</span></span></strong>\r\n</p>\r\n<p style=\";text-align:justify;text-justify:inter-ideograph\">\r\n    <span style=\"font-family: 微软雅黑;font-size: 12px\">&nbsp;&nbsp;&nbsp;&nbsp;<span style=\"font-family:微软雅黑\">对文件的格式有要求</span></span>\r\n</p>\r\n<p style=\";text-align:justify;text-justify:inter-ideograph\">\r\n    <strong><span style=\"font-family: 微软雅黑;font-size: 14px\"><span style=\"font-family:微软雅黑\">参数说明</span></span></strong>\r\n</p>\r\n<p style=\"margin-left:28px;text-indent:0;text-align:justify;text-justify:inter-ideograph\">\r\n    <span style=\"font-family: 微软雅黑;font-size: 12px\">（1）</span><span style=\"font-family: 微软雅黑;font-size: 12px\"><span style=\"font-family:微软雅黑\">、原字段为导入文件中的表头的字段</span></span>\r\n</p>\r\n<p style=\"margin-left:28px;text-indent:0;text-align:justify;text-justify:inter-ideograph\">\r\n    <span style=\"font-family: 微软雅黑;font-size: 12px\">（2）</span><span style=\"font-family: 微软雅黑;font-size: 12px\"><span style=\"font-family:微软雅黑\">、现字段为所选择数据源类型的存储字段</span></span>\r\n</p>\r\n<p style=\";text-align:justify;text-justify:inter-ideograph\">\r\n    <strong><span style=\"font-family: 微软雅黑;font-size: 14px\"><span style=\"font-family:微软雅黑\">输出结果</span></span></strong>\r\n</p>\r\n<p style=\"text-indent:27px;text-align:justify;text-justify:inter-ideograph\">\r\n    <span style=\"font-family: 微软雅黑;font-size: 12px\"><span style=\"font-family:微软雅黑\">经过字段表头匹配的数据，未选择匹配的不被输出</span></span>\r\n</p>\r\n<p>\r\n    <br/>\r\n</p>' WHERE (`type_no`='dataImport');
UPDATE `job_type_info` SET `type_no`='dataMcrawl', `type_name`='移动抓取', `type_desc`='', `param_config_url`='/toWorkFlow.html?toModular=dataCrawl', `execute_url`='/crawlTask/executeCrawl.json', `progress_url`='/workFlow/getExecuteStatus.json', `result_url`='/workFlow/getWorkFlowResultParams.json', `type_classify`='1', `job_type`='1', `type_status`='1', `order_number`='2', `created_by`='', `created_time`='2017-04-28 10:10:58', `updated_by`='', `updated_time`='2017-04-28 10:10:58', `job_classify`='1', `input_num`='1', `job_type_category_id`=NULL, `query_url`=NULL, `img_url`=NULL, `tip`=NULL WHERE (`type_no`='dataMcrawl');
UPDATE `job_type_info` SET `type_no`='dataOutput', `type_name`='数据输出', `type_desc`='', `param_config_url`='/toWorkFlow.html?toModular=dataOutput', `execute_url`='/workFlow/executeWorkFlow.json', `progress_url`='/workFlow/getExecuteStatus.json', `result_url`='/workFlow/getWorkFlowResultParams.json', `type_classify`='1', `job_type`='2', `type_status`='1', `order_number`='8', `created_by`='', `created_time`='2017-04-28 10:45:13', `updated_by`='', `updated_time`='2017-04-28 10:45:13', `job_classify`='2', `input_num`='1', `job_type_category_id`='3', `query_url`=NULL, `img_url`='/project/visWorkFlowIcon/dataOutput.png', `tip`='<p style=\";text-align:justify;text-justify:inter-ideograph\">\r\n    <strong><span style=\"font-family: 微软雅黑;font-size: 14px\"><span style=\"font-family:微软雅黑\">数据输出</span></span></strong>\r\n</p>\r\n<p style=\";text-indent:28px;text-align:justify;text-justify:inter-ideograph\">\r\n    <span style=\"font-family: 微软雅黑;font-size: 12px\"><span style=\"font-family:微软雅黑\">该节点实现将处理之后的数据输出为</span>API接口。</span>\r\n</p>\r\n<p style=\";text-align:justify;text-justify:inter-ideograph\">\r\n    <strong><span style=\"font-family: 微软雅黑;font-size: 14px\"><span style=\"font-family:微软雅黑\">解决问题类型</span></span></strong>\r\n</p>\r\n<p style=\"text-indent:28px;text-align:justify;text-justify:inter-ideograph\">\r\n    <span style=\"font-family: 微软雅黑;font-size: 12px\"><span style=\"font-family:微软雅黑\">将数据语义分析、统计分析后的数据通过</span>API接口输出</span>\r\n</p>\r\n<p style=\";text-align:justify;text-justify:inter-ideograph\">\r\n    <strong><span style=\"font-family: 微软雅黑;font-size: 14px\"><span style=\"font-family:微软雅黑\">流程配置</span></span></strong>\r\n</p>\r\n<p style=\"text-indent:28px;text-align:justify;text-justify:inter-ideograph\">\r\n    <span style=\"font-family: 微软雅黑;font-size: 12px\"><span style=\"font-family:微软雅黑\">前置节点：可以连接的任意可连接的节点</span></span>\r\n</p>\r\n<p style=\"text-indent:28px;text-align:justify;text-justify:inter-ideograph\">\r\n    <span style=\"font-family: 微软雅黑;font-size: 12px\"><span style=\"font-family:微软雅黑\">后置节点：无</span></span>\r\n</p>\r\n<p style=\";text-align:justify;text-justify:inter-ideograph\">\r\n    <strong><span style=\"font-family: 微软雅黑;font-size: 14px\"><span style=\"font-family:微软雅黑\">注意事项</span></span></strong>\r\n</p>\r\n<p style=\";text-align:justify;text-justify:inter-ideograph\">\r\n    <span style=\"font-family: 微软雅黑;font-size: 12px\">&nbsp;&nbsp;&nbsp;&nbsp;<span style=\"font-family:微软雅黑\">请输入所有的必填参数</span></span>\r\n</p>\r\n<p style=\";text-align:justify;text-justify:inter-ideograph\">\r\n    <strong><span style=\"font-family: 微软雅黑;font-size: 14px\"><span style=\"font-family:微软雅黑\">参数说明</span></span></strong>\r\n</p>\r\n<p style=\"text-indent:24px;text-align:justify;text-justify:inter-ideograph\">\r\n    <span style=\"font-family: 微软雅黑;font-size: 12px\">（1）</span><span style=\"font-family: 微软雅黑;font-size: 12px\"><span style=\"font-family:微软雅黑\">、输出设置中的显示由</span>API方式的选择不同而联动显示</span>\r\n</p>\r\n<p style=\"text-indent:24px;text-align:justify;text-justify:inter-ideograph\">\r\n    <span style=\"font-family: 微软雅黑;font-size: 12px\">（2）</span><span style=\"font-family: 微软雅黑;font-size: 12px\"><span style=\"font-family:微软雅黑\">、当请求方式选择</span>get时，需要对输出的字段进行名称的匹配</span>\r\n</p>\r\n<p style=\"text-indent:24px;text-align:justify;text-justify:inter-ideograph\">\r\n    <span style=\"font-family: 微软雅黑;font-size: 12px\">（3）</span><span style=\"font-family: 微软雅黑;font-size: 12px\"><span style=\"font-family:微软雅黑\">、选择的字段才可被输出，没有选择的字段不被输出</span></span>\r\n</p>\r\n<p style=\";text-align:justify;text-justify:inter-ideograph\">\r\n    <strong><span style=\"font-family: 微软雅黑;font-size: 14px\"><span style=\"font-family:微软雅黑\">输出结果</span></span></strong>\r\n</p>\r\n<p style=\"text-indent:27px;text-align:justify;text-justify:inter-ideograph\">\r\n    <span style=\"font-family: 微软雅黑;font-size: 12px\"><span style=\"font-family:微软雅黑\">将处理后的数据通过选择字段，通过</span>API接口的方式进行数据输出</span>\r\n</p>\r\n<p>\r\n    <br/>\r\n</p>\r\n' WHERE (`type_no`='dataOutput');
UPDATE `job_type_info` SET `type_no`='fileOutput', `type_name`='文件导出', `type_desc`='', `param_config_url`='/toWorkFlow.html?toModular=fileOutput', `execute_url`='/workFlow/executeWorkFlow.json', `progress_url`='/workFlow/getExecuteStatus.json', `result_url`='/workFlow/getWorkFlowResultParams.json', `type_classify`='1', `job_type`='2', `type_status`='1', `order_number`='7', `created_by`='', `created_time`='2017-04-28 10:10:58', `updated_by`='', `updated_time`='2017-04-28 10:10:58', `job_classify`='2', `input_num`='1', `job_type_category_id`=NULL, `query_url`=NULL, `img_url`='', `tip`=NULL WHERE (`type_no`='fileOutput');
UPDATE `job_type_info` SET `type_no`='semanticAnalysisObject', `type_name`='语义分析', `type_desc`='', `param_config_url`='/toWorkFlow.html?toModular=semanticAnalysisObject', `execute_url`='/workFlow/executeWorkFlow.json', `progress_url`='/workFlow/getExecuteStatus.json', `result_url`='/workFlow/getWorkFlowResultParams.json', `type_classify`='1', `job_type`='2', `type_status`='1', `order_number`='3', `created_by`='', `created_time`='2017-04-28 10:10:58', `updated_by`='', `updated_time`='2017-04-28 10:10:58', `job_classify`='1', `input_num`='1', `job_type_category_id`='2', `query_url`=NULL, `img_url`='/project/visWorkFlowIcon/semanticAnalysisObject.png', `tip`='<p style=\";text-align:justify;text-justify:inter-ideograph\">\r\n    <strong><span style=\"font-family: 微软雅黑;font-size: 14px\"><span style=\"font-family:微软雅黑\">语义对象</span></span></strong>\r\n</p>\r\n<p style=\";text-indent:28px;text-align:justify;text-justify:inter-ideograph\">\r\n    <span style=\"font-family: 微软雅黑;font-size: 12px\"><span style=\"font-family:微软雅黑\">用户可通过该节点对导入</span>\\抓取的数据进行分析对象的设置，也就是筛选需要用于分析的字段。</span>\r\n</p>\r\n<p style=\";text-align:justify;text-justify:inter-ideograph\">\r\n    <strong><span style=\"font-family: 微软雅黑;font-size: 14px\"><span style=\"font-family:微软雅黑\">解决问题类型</span></span></strong>\r\n</p>\r\n<p style=\"text-indent:28px;text-align:justify;text-justify:inter-ideograph\">\r\n    <span style=\"font-family: 微软雅黑;font-size: 12px\"><span style=\"font-family:微软雅黑\">将导入</span>\\抓取的数据进行语义对象的设置</span>\r\n</p>\r\n<p style=\";text-align:justify;text-justify:inter-ideograph\">\r\n    <strong><span style=\"font-family: 微软雅黑;font-size: 14px\"><span style=\"font-family:微软雅黑\">流程配置</span></span></strong>\r\n</p>\r\n<p style=\"text-indent:28px;text-align:justify;text-justify:inter-ideograph\">\r\n    <span style=\"font-family: 微软雅黑;font-size: 12px\"><span style=\"font-family:微软雅黑\">前置节点：数据导入</span>\\数据抓取</span>\r\n</p>\r\n<p style=\"text-indent:28px;text-align:justify;text-justify:inter-ideograph\">\r\n    <span style=\"font-family: 微软雅黑;font-size: 12px\"><span style=\"font-family:微软雅黑\">后置节点：可以连接除导入</span>\\数据抓取以外的任意可连接的节点</span>\r\n</p>\r\n<p style=\";text-align:justify;text-justify:inter-ideograph\">\r\n    <strong><span style=\"font-family: 微软雅黑;font-size: 14px\"><span style=\"font-family:微软雅黑\">注意事项</span></span></strong>\r\n</p>\r\n<p style=\";text-align:justify;text-justify:inter-ideograph\">\r\n    <span style=\"font-family: 微软雅黑;font-size: 12px\">&nbsp;&nbsp;&nbsp;&nbsp;<span style=\"font-family:微软雅黑\">请输入所有的必填参数</span></span>\r\n</p>\r\n<p style=\";text-align:justify;text-justify:inter-ideograph\">\r\n    <strong><span style=\"font-family: 微软雅黑;font-size: 14px\"><span style=\"font-family:微软雅黑\">参数说明</span></span></strong>\r\n</p>\r\n<p style=\"text-indent:24px;text-align:justify;text-justify:inter-ideograph\">\r\n    <span style=\"font-family: 微软雅黑;font-size: 12px\">（1）</span><span style=\"font-family: 微软雅黑;font-size: 12px\"><span style=\"font-family:微软雅黑\">、对上一个节点的结果进行分析对象的设置</span></span>\r\n</p>\r\n<p style=\"text-indent:24px;text-align:justify;text-justify:inter-ideograph\">\r\n    <span style=\"font-family: 微软雅黑;font-size: 12px\">（2）</span><span style=\"font-family: 微软雅黑;font-size: 12px\"><span style=\"font-family:微软雅黑\">、可以增加多个字段</span></span>\r\n</p>\r\n<p style=\"text-indent:24px;text-align:justify;text-justify:inter-ideograph\">\r\n    <span style=\"font-family: 微软雅黑;font-size: 12px\">（3）</span><span style=\"font-family: 微软雅黑;font-size: 12px\"><span style=\"font-family:微软雅黑\">、选择字、段、句时，表示从第一字、第一段、第一句开始计算</span></span>\r\n</p>\r\n<p style=\"text-indent:24px;text-align:justify;text-justify:inter-ideograph\">\r\n    <span style=\"font-family: 微软雅黑;font-size: 12px\">（4）</span><span style=\"font-family: 微软雅黑;font-size: 12px\"><span style=\"font-family:微软雅黑\">、分析层级表示输入语料需要分析的维度</span></span>\r\n</p>\r\n<p style=\";text-align:justify;text-justify:inter-ideograph\">\r\n    <strong><span style=\"font-family: 微软雅黑;font-size: 14px\"><span style=\"font-family:微软雅黑\">输出结果</span></span></strong>\r\n</p>\r\n<p style=\"text-indent:27px;text-align:justify;text-justify:inter-ideograph\">\r\n    <span style=\"font-family: 微软雅黑;font-size: 12px\"><span style=\"font-family:微软雅黑\">按照语义对象设置后的结果</span></span>\r\n</p>\r\n<p>\r\n    <br/>\r\n</p>' WHERE (`type_no`='semanticAnalysisObject');
UPDATE `job_type_info` SET `type_no`='statisticalAnalysis', `type_name`='统计分析', `type_desc`='', `param_config_url`='/toWorkFlow.html?toModular=statisticalAnalysis', `execute_url`='/workFlow/executeWorkFlow.json', `progress_url`='/workFlow/getExecuteStatus.json', `result_url`='/workFlow/getWorkFlowResultParams.json', `type_classify`='1', `job_type`='2', `type_status`='1', `order_number`='9', `created_by`='', `created_time`='2017-04-28 10:10:58', `updated_by`='', `updated_time`='2017-04-28 10:10:58', `job_classify`='2', `input_num`='1', `job_type_category_id`='2', `query_url`=NULL, `img_url`='', `tip`=NULL WHERE (`type_no`='statisticalAnalysis');
UPDATE `job_type_info` SET `type_no`='themeAnalysisSetting', `type_name`='主题分析设置', `type_desc`='', `param_config_url`='/toWorkFlow.html?toModular=themeAnalysisSetting', `execute_url`='/workFlow/executeWorkFlow.json', `progress_url`='/workFlow/getExecuteStatus.json', `result_url`='/workFlow/getWorkFlowResultParams.json', `type_classify`='1', `job_type`='2', `type_status`='1', `order_number`='5', `created_by`='', `created_time`='2017-04-28 10:44:53', `updated_by`='', `updated_time`='2017-04-28 10:44:53', `job_classify`='1', `input_num`='1', `job_type_category_id`='2', `query_url`=NULL, `img_url`='/project/visWorkFlowIcon/themeAnalysisSetting.png', `tip`='<p style=\";text-align:justify;text-justify:inter-ideograph\">\r\n    <strong><span style=\"font-family: 微软雅黑;font-size: 14px\"><span style=\"font-family:微软雅黑\">主题分析</span></span></strong>\r\n</p>\r\n<p style=\";text-indent:28px;text-align:justify;text-justify:inter-ideograph\">\r\n    <span style=\"font-family: 微软雅黑;font-size: 12px\"><span style=\"font-family:微软雅黑\">该节点可通过主题矩阵对输入的语料进行主题的分析。</span></span>\r\n</p>\r\n<p style=\";text-align:justify;text-justify:inter-ideograph\">\r\n    <strong><span style=\"font-family: 微软雅黑;font-size: 14px\"><span style=\"font-family:微软雅黑\">解决问题类型</span></span></strong>\r\n</p>\r\n<p style=\"text-indent:28px;text-align:justify;text-justify:inter-ideograph\">\r\n    <span style=\"font-family: 微软雅黑;font-size: 12px\"><span style=\"font-family:微软雅黑\">将语料按照不同的主题而分类</span></span>\r\n</p>\r\n<p style=\";text-align:justify;text-justify:inter-ideograph\">\r\n    <strong><span style=\"font-family: 微软雅黑;font-size: 14px\"><span style=\"font-family:微软雅黑\">流程配置</span></span></strong>\r\n</p>\r\n<p style=\"text-indent:28px;text-align:justify;text-justify:inter-ideograph\">\r\n    <span style=\"font-family: 微软雅黑;font-size: 12px\"><span style=\"font-family:微软雅黑\">前置节点：可以连接的任意可连接的节点</span></span>\r\n</p>\r\n<p style=\"text-indent:28px;text-align:justify;text-justify:inter-ideograph\">\r\n    <span style=\"font-family: 微软雅黑;font-size: 12px\"><span style=\"font-family:微软雅黑\">后置节点：可以连接除导入</span>\\数据抓取以外的任意可连接的节点</span>\r\n</p>\r\n<p style=\";text-align:justify;text-justify:inter-ideograph\">\r\n    <strong><span style=\"font-family: 微软雅黑;font-size: 14px\"><span style=\"font-family:微软雅黑\">注意事项</span></span></strong>\r\n</p>\r\n<p style=\";text-align:justify;text-justify:inter-ideograph\">\r\n    <span style=\"font-family: 微软雅黑;font-size: 12px\">&nbsp;&nbsp;&nbsp;&nbsp;<span style=\"font-family:微软雅黑\">请输入所有的必填参数</span></span>\r\n</p>\r\n<p style=\";text-align:justify;text-justify:inter-ideograph\">\r\n    <strong><span style=\"font-family: 微软雅黑;font-size: 14px\"><span style=\"font-family:微软雅黑\">参数说明</span></span></strong>\r\n</p>\r\n<p style=\"text-indent:24px;text-align:justify;text-justify:inter-ideograph\">\r\n    <span style=\"font-family: 微软雅黑;font-size: 12px\">（1）</span><span style=\"font-family: 微软雅黑;font-size: 12px\"><span style=\"font-family:微软雅黑\">、主题对象应为上一个节点的输出的字段可被用来选择</span></span>\r\n</p>\r\n<p style=\"text-indent:24px;text-align:justify;text-justify:inter-ideograph\">\r\n    <span style=\"font-family: 微软雅黑;font-size: 12px\">（2）</span><span style=\"font-family: 微软雅黑;font-size: 12px\"><span style=\"font-family:微软雅黑\">、可选择的主题域跟算法平台同步</span></span>\r\n</p>\r\n<p style=\"text-indent:24px;text-align:justify;text-justify:inter-ideograph\">\r\n    <span style=\"font-family: 微软雅黑;font-size: 12px\">（3）</span><span style=\"font-family: 微软雅黑;font-size: 12px\"><span style=\"font-family:微软雅黑\">、主题域只可选择一个，不可多选</span></span>\r\n</p>\r\n<p style=\"text-indent:24px;text-align:justify;text-justify:inter-ideograph\">\r\n    <span style=\"font-family: 微软雅黑;font-size: 12px\">（1）</span><span style=\"font-family: 微软雅黑;font-size: 12px\"><span style=\"font-family:微软雅黑\">、结果策略也只可选一种</span></span>\r\n</p>\r\n<p style=\";text-align:justify;text-justify:inter-ideograph\">\r\n    <strong><span style=\"font-family: 微软雅黑;font-size: 14px\"><span style=\"font-family:微软雅黑\">输出结果</span></span></strong>\r\n</p>\r\n<p style=\"text-indent:27px;text-align:justify;text-justify:inter-ideograph\">\r\n    <span style=\"font-family: 微软雅黑;font-size: 12px\"><span style=\"font-family:微软雅黑\">进行主题分析后的语料结果，在原语料中追加一列</span></span>\r\n</p>\r\n<p>\r\n    <br/>\r\n</p>' WHERE (`type_no`='themeAnalysisSetting');
UPDATE `job_type_info` SET `type_no`='topicAnalysisDefinition', `type_name`='话题分析设置', `type_desc`='', `param_config_url`='/toWorkFlow.html?toModular=topicAnalysisDefinition', `execute_url`='/workFlow/executeWorkFlow.json', `progress_url`='/workFlow/getExecuteStatus.json', `result_url`='/workFlow/getWorkFlowResultParams.json', `type_classify`='1', `job_type`='2', `type_status`='1', `order_number`='6', `created_by`='', `created_time`='2017-04-28 10:45:03', `updated_by`='', `updated_time`='2017-04-28 10:45:03', `job_classify`='2', `input_num`='1', `job_type_category_id`='2', `query_url`=NULL, `img_url`='/project/visWorkFlowIcon/topicAnalysisDefinition.png', `tip`='<p style=\";text-align:justify;text-justify:inter-ideograph\">\r\n    <strong><span style=\"font-family: 微软雅黑;font-size: 14px\"><span style=\"font-family:微软雅黑\">话题分析</span></span></strong>\r\n</p>\r\n<p style=\";text-indent:28px;text-align:justify;text-justify:inter-ideograph\">\r\n    <span style=\"font-family: 微软雅黑;font-size: 12px\"><span style=\"font-family:微软雅黑\">该节点可通过话题算法对该节点输入的语料进行话题分析。</span></span>\r\n</p>\r\n<p style=\";text-align:justify;text-justify:inter-ideograph\">\r\n    <strong><span style=\"font-family: 微软雅黑;font-size: 14px\"><span style=\"font-family:微软雅黑\">解决问题类型</span></span></strong>\r\n</p>\r\n<p style=\"text-indent:28px;text-align:justify;text-justify:inter-ideograph\">\r\n    <span style=\"font-family: 微软雅黑;font-size: 12px\"><span style=\"font-family:微软雅黑\">将语料生成话题，获得热点话题</span></span>\r\n</p>\r\n<p style=\";text-align:justify;text-justify:inter-ideograph\">\r\n    <strong><span style=\"font-family: 微软雅黑;font-size: 14px\"><span style=\"font-family:微软雅黑\">流程配置</span></span></strong>\r\n</p>\r\n<p style=\"text-indent:28px;text-align:justify;text-justify:inter-ideograph\">\r\n    <span style=\"font-family: 微软雅黑;font-size: 12px\"><span style=\"font-family:微软雅黑\">前置节点：可以连接的任意可连接的节点</span></span>\r\n</p>\r\n<p style=\"text-indent:28px;text-align:justify;text-justify:inter-ideograph\">\r\n    <span style=\"font-family: 微软雅黑;font-size: 12px\"><span style=\"font-family:微软雅黑\">后置节点：可以连接除导入</span>\\数据抓取以外的任意可连接的节点</span>\r\n</p>\r\n<p style=\";text-align:justify;text-justify:inter-ideograph\">\r\n    <strong><span style=\"font-family: 微软雅黑;font-size: 14px\"><span style=\"font-family:微软雅黑\">注意事项</span></span></strong>\r\n</p>\r\n<p style=\";text-align:justify;text-justify:inter-ideograph\">\r\n    <span style=\"font-family: 微软雅黑;font-size: 12px\">&nbsp;&nbsp;&nbsp;&nbsp;<span style=\"font-family:微软雅黑\">请输入所有的必填参数</span></span>\r\n</p>\r\n<p style=\";text-align:justify;text-justify:inter-ideograph\">\r\n    <strong><span style=\"font-family: 微软雅黑;font-size: 14px\"><span style=\"font-family:微软雅黑\">参数说明</span></span></strong>\r\n</p>\r\n<p style=\"text-indent:24px;text-align:justify;text-justify:inter-ideograph\">\r\n    <span style=\"font-family: 微软雅黑;font-size: 12px\">（1）</span><span style=\"font-family: 微软雅黑;font-size: 12px\"><span style=\"font-family:微软雅黑\">、话题对象应为上一个节点的输出的字段可被用来选择</span></span>\r\n</p>\r\n<p style=\"text-indent:24px;text-align:justify;text-justify:inter-ideograph\">\r\n    <span style=\"font-family: 微软雅黑;font-size: 12px\">（2）</span><span style=\"font-family: 微软雅黑;font-size: 12px\"><span style=\"font-family:微软雅黑\">、抓取频次可设置为</span> <span style=\"font-family:微软雅黑\">循环</span></span>\r\n</p>\r\n<p style=\";text-align:justify;text-justify:inter-ideograph\">\r\n    <strong><span style=\"font-family: 微软雅黑;font-size: 14px\"><span style=\"font-family:微软雅黑\">输出结果</span></span></strong>\r\n</p>\r\n<p style=\"text-indent:27px;text-align:justify;text-justify:inter-ideograph\">\r\n    <span style=\"font-family: 微软雅黑;font-size: 12px\"><span style=\"font-family:微软雅黑\">进行话题分析后的语料结果，在原语料中追加一列</span></span>\r\n</p>\r\n<p>\r\n    <br/>\r\n</p>' WHERE (`type_no`='topicAnalysisDefinition');
UPDATE `job_type_info` SET `type_no`='wordSegmentation', `type_name`='分词', `type_desc`='', `param_config_url`='/toWorkFlow.html?toModular=wordSegmentation', `execute_url`='/workFlow/executeWorkFlow.json', `progress_url`='/workFlow/getExecuteStatus.json', `result_url`='/workFlow/getWorkFlowResultParams.json', `type_classify`='1', `job_type`='2', `type_status`='1', `order_number`='4', `created_by`='', `created_time`='2017-04-28 10:44:40', `updated_by`='', `updated_time`='2017-04-28 10:44:40', `job_classify`='1', `input_num`='1', `job_type_category_id`='2', `query_url`=NULL, `img_url`='/project/visWorkFlowIcon/wordSegmentation.png', `tip`='<p style=\";text-align:justify;text-justify:inter-ideograph\">\r\n    <strong><span style=\"font-family: 微软雅黑;font-size: 14px\"><span style=\"font-family:微软雅黑\">分词</span></span></strong>\r\n</p>\r\n<p style=\";text-indent:28px;text-align:justify;text-justify:inter-ideograph\">\r\n    <span style=\"font-family: 微软雅黑;font-size: 12px\"><span style=\"font-family:微软雅黑\">通过选择的词库，对该节点输入的内容进行分词。</span></span>\r\n</p>\r\n<p style=\";text-align:justify;text-justify:inter-ideograph\">\r\n    <strong><span style=\"font-family: 微软雅黑;font-size: 14px\"><span style=\"font-family:微软雅黑\">解决问题类型</span></span></strong>\r\n</p>\r\n<p style=\"text-indent:28px;text-align:justify;text-justify:inter-ideograph\">\r\n    <span style=\"font-family: 微软雅黑;font-size: 12px\"><span style=\"font-family:微软雅黑\">需要做语义分析、统计分析的语料</span></span>\r\n</p>\r\n<p style=\";text-align:justify;text-justify:inter-ideograph\">\r\n    <strong><span style=\"font-family: 微软雅黑;font-size: 14px\"><span style=\"font-family:微软雅黑\">流程配置</span></span></strong>\r\n</p>\r\n<p style=\"text-indent:28px;text-align:justify;text-justify:inter-ideograph\">\r\n    <span style=\"font-family: 微软雅黑;font-size: 12px\"><span style=\"font-family:微软雅黑\">前置节点：可以连接的任意可连接的节点</span></span>\r\n</p>\r\n<p style=\"text-indent:28px;text-align:justify;text-justify:inter-ideograph\">\r\n    <span style=\"font-family: 微软雅黑;font-size: 12px\"><span style=\"font-family:微软雅黑\">后置节点：可以连接除导入</span>\\数据抓取以外的任意可连接的节点</span>\r\n</p>\r\n<p style=\";text-align:justify;text-justify:inter-ideograph\">\r\n    <strong><span style=\"font-family: 微软雅黑;font-size: 14px\"><span style=\"font-family:微软雅黑\">注意事项</span></span></strong>\r\n</p>\r\n<p style=\";text-align:justify;text-justify:inter-ideograph\">\r\n    <span style=\"font-family: 微软雅黑;font-size: 12px\">&nbsp;&nbsp;&nbsp;&nbsp;<span style=\"font-family:微软雅黑\">请输入所有的必填参数</span></span>\r\n</p>\r\n<p style=\";text-align:justify;text-justify:inter-ideograph\">\r\n    <strong><span style=\"font-family: 微软雅黑;font-size: 14px\"><span style=\"font-family:微软雅黑\">参数说明</span></span></strong>\r\n</p>\r\n<p style=\"text-indent:24px;text-align:justify;text-justify:inter-ideograph\">\r\n    <span style=\"font-family: 微软雅黑;font-size: 12px\">（1）</span><span style=\"font-family: 微软雅黑;font-size: 12px\"><span style=\"font-family:微软雅黑\">、分词对象根据上一个节点而定</span></span>\r\n</p>\r\n<p style=\"text-indent:24px;text-align:justify;text-justify:inter-ideograph\">\r\n    <span style=\"font-family: 微软雅黑;font-size: 12px\">（2）</span><span style=\"font-family: 微软雅黑;font-size: 12px\"><span style=\"font-family:微软雅黑\">、用作分词的词库可以选择多个</span></span>\r\n</p>\r\n<p style=\"text-indent:24px;text-align:justify;text-justify:inter-ideograph\">\r\n    <span style=\"font-family: 微软雅黑;font-size: 12px\">（3）</span><span style=\"font-family: 微软雅黑;font-size: 12px\"><span style=\"font-family:微软雅黑\">、词库会根据算法平台的词库而同步</span></span>\r\n</p>\r\n<p style=\";text-align:justify;text-justify:inter-ideograph\">\r\n    <strong><span style=\"font-family: 微软雅黑;font-size: 14px\"><span style=\"font-family:微软雅黑\">输出结果</span></span></strong>\r\n</p>\r\n<p style=\"text-indent:27px;text-align:justify;text-justify:inter-ideograph\">\r\n    <span style=\"font-family: 微软雅黑;font-size: 12px\"><span style=\"font-family:微软雅黑\">根据分词的参数设置而进行分词后的结果</span></span>\r\n</p>\r\n<p>\r\n    <br/>\r\n</p>' WHERE (`type_no`='wordSegmentation');





